UserID,ActivityID,ActivityName,ActivityType,EntryTime(Timestamp),Duration,LeaveTime(Timestamp),LeaveTime(ISO),EntryTime(ISO)
8313,13505,计算平均气温,video,1.61536E+12,371,1.61536E+12,2021-03-10T14:56:02,2021-03-10T14:49:51
8313,13508,练习-计算行程费用,assignment,1.61536E+12,740,1.61536E+12,2021-03-10T15:08:24,2021-03-10T14:56:04
8313,13506,练习讲解-计算行程费用,video,1.61536E+12,149,1.61536E+12,2021-03-10T15:11:00,2021-03-10T15:08:31
8286,13505,计算平均气温,video,1.61536E+12,905,1.61536E+12,2021-03-10T15:24:45,2021-03-10T15:09:40
8313,13508,练习-计算行程费用,assignment,1.61536E+12,113,1.61536E+12,2021-03-10T15:12:55,2021-03-10T15:11:02
8313,13506,练习讲解-计算行程费用,video,1.61536E+12,334,1.61536E+12,2021-03-10T15:18:31,2021-03-10T15:12:57
8324,13505,计算平均气温,video,1.61536E+12,14,1.61536E+12,2021-03-10T16:05:43,2021-03-10T16:05:29
8286,13508,练习-计算行程费用,assignment,1.61537E+12,216,1.61537E+12,2021-03-10T16:49:13,2021-03-10T16:45:37
8324,13505,计算平均气温,video,1.61537E+12,864,1.61537E+12,2021-03-10T18:47:25,2021-03-10T18:33:01
8324,13508,练习-计算行程费用,assignment,1.61537E+12,686,1.61537E+12,2021-03-10T18:58:53,2021-03-10T18:47:27
8324,13505,计算平均气温,video,1.61537E+12,154,1.61537E+12,2021-03-10T19:01:29,2021-03-10T18:58:55
8324,13508,练习-计算行程费用,assignment,1.61537E+12,87,1.61537E+12,2021-03-10T19:02:58,2021-03-10T19:01:31
8324,13505,计算平均气温,video,1.61537E+12,18,1.61537E+12,2021-03-10T19:03:17,2021-03-10T19:02:59
8324,13508,练习-计算行程费用,assignment,1.61537E+12,429,1.61537E+12,2021-03-10T19:10:28,2021-03-10T19:03:19
8324,13506,练习讲解-计算行程费用,video,1.61537E+12,179,1.61537E+12,2021-03-10T19:13:30,2021-03-10T19:10:31
8324,13508,练习-计算行程费用,assignment,1.61537E+12,24,1.61537E+12,2021-03-10T19:13:56,2021-03-10T19:13:32
8324,13506,练习讲解-计算行程费用,video,1.61537E+12,400,1.61538E+12,2021-03-10T19:20:38,2021-03-10T19:13:58
8323,13505,计算平均气温,video,1.61538E+12,476,1.61538E+12,2021-03-10T19:28:00,2021-03-10T19:20:04
8324,13508,练习-计算行程费用,assignment,1.61538E+12,31,1.61538E+12,2021-03-10T19:21:15,2021-03-10T19:20:44
8324,13507,控制输出格式,video,1.61538E+12,547,1.61538E+12,2021-03-10T19:30:27,2021-03-10T19:21:20
8324,13509,练习-控制输出格式,assignment,1.61538E+12,282,1.61538E+12,2021-03-10T19:35:12,2021-03-10T19:30:30
8324,13510,练习讲解-身高的公/英制转换,video,1.61538E+12,900,1.61538E+12,2021-03-10T19:50:19,2021-03-10T19:35:19
8323,13505,计算平均气温,video,1.61538E+12,10752,1.61539E+12,2021-03-10T22:44:14,2021-03-10T19:45:02
8324,13509,练习-控制输出格式,assignment,1.61538E+12,32,1.61538E+12,2021-03-10T19:50:59,2021-03-10T19:50:27
8324,13507,控制输出格式,video,1.61538E+12,731,1.61538E+12,2021-03-10T20:03:12,2021-03-10T19:51:01
8324,13509,练习-控制输出格式,assignment,1.61538E+12,73,1.61538E+12,2021-03-10T20:04:28,2021-03-10T20:03:15
8324,13510,练习讲解-身高的公/英制转换,video,1.61538E+12,525,1.61538E+12,2021-03-10T20:13:18,2021-03-10T20:04:33
8324,13509,练习-控制输出格式,assignment,1.61538E+12,143,1.61538E+12,2021-03-10T20:15:51,2021-03-10T20:13:28
8324,13510,练习讲解-身高的公/英制转换,video,1.61538E+12,745,1.61538E+12,2021-03-10T20:28:18,2021-03-10T20:15:53
8324,13509,练习-控制输出格式,assignment,1.61538E+12,39,1.61538E+12,2021-03-10T20:28:59,2021-03-10T20:28:20
8324,13509,练习-控制输出格式,assignment,1.61538E+12,6,1.61538E+12,2021-03-10T20:29:06,2021-03-10T20:29:00
8324,13511,不规则面积计算,video,1.61538E+12,20,1.61538E+12,2021-03-10T20:29:28,2021-03-10T20:29:08
8314,13505,计算平均气温,video,1.61538E+12,1228,1.61538E+12,2021-03-10T21:00:07,2021-03-10T20:39:39
8314,13508,练习-计算行程费用,assignment,1.61538E+12,2474,1.61538E+12,2021-03-10T21:41:24,2021-03-10T21:00:10
8314,13505,计算平均气温,video,1.61538E+12,105,1.61538E+12,2021-03-10T21:43:13,2021-03-10T21:41:28
8332,13505,计算平均气温,video,1.61546E+12,23,1.61546E+12,2021-03-11T18:38:06,2021-03-11T18:37:43
8332,13505,计算平均气温,video,1.61547E+12,473,1.61547E+12,2021-03-11T20:57:37,2021-03-11T20:49:44
8332,13508,练习-计算行程费用,assignment,1.61547E+12,655,1.61547E+12,2021-03-11T21:08:36,2021-03-11T20:57:41
8332,13506,练习讲解-计算行程费用,video,1.61547E+12,1774,1.61547E+12,2021-03-11T21:38:15,2021-03-11T21:08:41
8048,13505,计算平均气温,video,1.61547E+12,948,1.61547E+12,2021-03-11T21:40:55,2021-03-11T21:25:07
8332,13508,练习-计算行程费用,assignment,1.61547E+12,167,1.61547E+12,2021-03-11T21:41:06,2021-03-11T21:38:19
8048,13508,练习-计算行程费用,assignment,1.61547E+12,236,1.61547E+12,2021-03-11T21:44:54,2021-03-11T21:40:58
8332,13508,练习-计算行程费用,assignment,1.61547E+12,20,1.61547E+12,2021-03-11T21:41:29,2021-03-11T21:41:09
8332,13507,控制输出格式,video,1.61547E+12,15,1.61547E+12,2021-03-11T21:41:47,2021-03-11T21:41:32
8332,13507,控制输出格式,video,1.61547E+12,403,1.61547E+12,2021-03-11T21:48:33,2021-03-11T21:41:50
8048,13505,计算平均气温,video,1.61547E+12,110,1.61547E+12,2021-03-11T21:46:49,2021-03-11T21:44:59
8048,13508,练习-计算行程费用,assignment,1.61547E+12,207,1.61547E+12,2021-03-11T21:50:19,2021-03-11T21:46:52
8332,13509,练习-控制输出格式,assignment,1.61547E+12,251,1.61547E+12,2021-03-11T21:52:47,2021-03-11T21:48:36
8048,13505,计算平均气温,video,1.61547E+12,170,1.61547E+12,2021-03-11T21:53:12,2021-03-11T21:50:22
8332,13510,练习讲解-身高的公/英制转换,video,1.61547E+12,75,1.61547E+12,2021-03-11T21:54:05,2021-03-11T21:52:50
8332,13507,控制输出格式,video,1.61547E+12,18,1.61547E+12,2021-03-11T21:54:29,2021-03-11T21:54:11
8332,13509,练习-控制输出格式,assignment,1.61547E+12,7,1.61547E+12,2021-03-11T21:54:41,2021-03-11T21:54:34
8048,13506,练习讲解-计算行程费用,video,1.61547E+12,7,1.61547E+12,2021-03-11T21:54:51,2021-03-11T21:54:44
8332,13510,练习讲解-身高的公/英制转换,video,1.61547E+12,1415,1.61547E+12,2021-03-11T22:18:19,2021-03-11T21:54:44
8048,13508,练习-计算行程费用,assignment,1.61547E+12,51,1.61547E+12,2021-03-11T21:55:50,2021-03-11T21:54:59
8048,13508,练习-计算行程费用,assignment,1.61547E+12,874,1.61547E+12,2021-03-11T22:10:30,2021-03-11T21:55:56
8048,13506,练习讲解-计算行程费用,video,1.61547E+12,233,1.61547E+12,2021-03-11T22:14:31,2021-03-11T22:10:38
8048,13508,练习-计算行程费用,assignment,1.61547E+12,131,1.61547E+12,2021-03-11T22:16:46,2021-03-11T22:14:35
8048,13508,练习-计算行程费用,assignment,1.61547E+12,53,1.61547E+12,2021-03-11T22:17:45,2021-03-11T22:16:52
8332,13509,练习-控制输出格式,assignment,1.61547E+12,537,1.61547E+12,2021-03-11T22:27:22,2021-03-11T22:18:25
8324,13511,不规则面积计算,video,1.61547E+12,1372,1.61547E+12,2021-03-11T22:42:40,2021-03-11T22:19:48
8332,13510,练习讲解-身高的公/英制转换,video,1.61547E+12,172,1.61547E+12,2021-03-11T22:30:21,2021-03-11T22:27:29
8060,13505,计算平均气温,video,1.61547E+12,508,1.61547E+12,2021-03-11T22:36:57,2021-03-11T22:28:29
8332,13509,练习-控制输出格式,assignment,1.61547E+12,91,1.61547E+12,2021-03-11T22:31:55,2021-03-11T22:30:24
8332,13509,练习-控制输出格式,assignment,1.61547E+12,54,1.61547E+12,2021-03-11T22:32:51,2021-03-11T22:31:57
8060,13506,练习讲解-计算行程费用,video,1.61547E+12,4970,1.61548E+12,2021-03-11T23:59:48,2021-03-11T22:36:58
8324,13512,练习-计算总面积,assignment,1.61547E+12,582,1.61547E+12,2021-03-11T22:52:24,2021-03-11T22:42:42
8324,13511,不规则面积计算,video,1.61547E+12,90,1.61547E+12,2021-03-11T22:53:56,2021-03-11T22:52:26
8324,13512,练习-计算总面积,assignment,1.61547E+12,334,1.61547E+12,2021-03-11T22:59:33,2021-03-11T22:53:59
8324,13511,不规则面积计算,video,1.61547E+12,114,1.61547E+12,2021-03-11T23:01:29,2021-03-11T22:59:35
8324,13512,练习-计算总面积,assignment,1.61547E+12,264,1.61548E+12,2021-03-11T23:05:55,2021-03-11T23:01:31
8324,13511,不规则面积计算,video,1.61548E+12,75,1.61548E+12,2021-03-11T23:07:13,2021-03-11T23:05:58
8324,13512,练习-计算总面积,assignment,1.61548E+12,418,1.61548E+12,2021-03-11T23:14:13,2021-03-11T23:07:15
8324,13512,练习-计算总面积,assignment,1.61548E+12,17,1.61548E+12,2021-03-11T23:14:32,2021-03-11T23:14:15
8311,13508,练习-计算行程费用,assignment,1.61548E+12,3327,1.61548E+12,2021-03-12T00:19:21,2021-03-11T23:23:54
8332,13511,不规则面积计算,video,1.61548E+12,36000,1.61551E+12,2021-03-12T09:55:08,2021-03-11T23:55:08
8060,13507,控制输出格式,video,1.61548E+12,255,1.61548E+12,2021-03-12T00:04:05,2021-03-11T23:59:50
8049,13505,计算平均气温,video,1.61551E+12,474,1.61551E+12,2021-03-12T08:43:55,2021-03-12T08:36:01
8049,13508,练习-计算行程费用,assignment,1.61551E+12,73,1.61551E+12,2021-03-12T08:45:10,2021-03-12T08:43:57
8049,13505,计算平均气温,video,1.61551E+12,6,1.61551E+12,2021-03-12T08:45:19,2021-03-12T08:45:13
8049,13508,练习-计算行程费用,assignment,1.61551E+12,369,1.61551E+12,2021-03-12T08:51:30,2021-03-12T08:45:21
8049,13505,计算平均气温,video,1.61551E+12,16,1.61551E+12,2021-03-12T08:51:48,2021-03-12T08:51:32
8049,13508,练习-计算行程费用,assignment,1.61551E+12,161,1.61551E+12,2021-03-12T08:54:30,2021-03-12T08:51:49
8049,13506,练习讲解-计算行程费用,video,1.61551E+12,365,1.61551E+12,2021-03-12T09:00:40,2021-03-12T08:54:35
8049,13507,控制输出格式,video,1.61551E+12,337,1.61551E+12,2021-03-12T09:06:25,2021-03-12T09:00:48
8049,13509,练习-控制输出格式,assignment,1.61551E+12,102,1.61551E+12,2021-03-12T09:08:10,2021-03-12T09:06:28
8332,13512,练习-计算总面积,assignment,1.61552E+12,775,1.61552E+12,2021-03-12T11:06:03,2021-03-12T10:53:08
8311,13505,计算平均气温,video,1.61554E+12,162,1.61554E+12,2021-03-12T16:25:03,2021-03-12T16:22:21
8311,13506,练习讲解-计算行程费用,video,1.61554E+12,267,1.61554E+12,2021-03-12T16:29:49,2021-03-12T16:25:22
8311,13507,控制输出格式,video,1.61554E+12,209,1.61554E+12,2021-03-12T16:33:21,2021-03-12T16:29:52
8311,13509,练习-控制输出格式,assignment,1.61554E+12,403,1.61554E+12,2021-03-12T16:40:12,2021-03-12T16:33:29
8311,13507,控制输出格式,video,1.61554E+12,119,1.61554E+12,2021-03-12T16:42:15,2021-03-12T16:40:16
8311,13509,练习-控制输出格式,assignment,1.61554E+12,320,1.61554E+12,2021-03-12T16:47:37,2021-03-12T16:42:17
8311,13507,控制输出格式,video,1.61554E+12,1381,1.61554E+12,2021-03-12T17:10:42,2021-03-12T16:47:41
8311,13509,练习-控制输出格式,assignment,1.61554E+12,137,1.61554E+12,2021-03-12T17:13:05,2021-03-12T17:10:48
8311,13509,练习-控制输出格式,assignment,1.61554E+12,28,1.61554E+12,2021-03-12T17:13:36,2021-03-12T17:13:08
8311,13510,练习讲解-身高的公/英制转换,video,1.61554E+12,269,1.61554E+12,2021-03-12T17:18:08,2021-03-12T17:13:39
8311,13511,不规则面积计算,video,1.61554E+12,361,1.61554E+12,2021-03-12T17:24:12,2021-03-12T17:18:11
8311,13512,练习-计算总面积,assignment,1.61554E+12,242,1.61554E+12,2021-03-12T17:28:23,2021-03-12T17:24:21
8311,13511,不规则面积计算,video,1.61554E+12,14,1.61554E+12,2021-03-12T17:28:43,2021-03-12T17:28:29
8311,13512,练习-计算总面积,assignment,1.61554E+12,910,1.61554E+12,2021-03-12T17:43:56,2021-03-12T17:28:46
8324,13513,BMI计算-从键盘输入,video,1.61555E+12,911,1.61556E+12,2021-03-12T21:29:50,2021-03-12T21:14:39
8324,13514,练习-外部输入,assignment,1.61556E+12,320,1.61556E+12,2021-03-12T22:13:24,2021-03-12T22:08:04
8324,13514,练习-外部输入,assignment,1.61556E+12,13,1.61556E+12,2021-03-12T22:13:43,2021-03-12T22:13:30
7834,13505,计算平均气温,video,1.61561E+12,10,1.61561E+12,2021-03-13T13:23:33,2021-03-13T13:23:23
7834,13505,计算平均气温,video,1.61561E+12,793,1.61561E+12,2021-03-13T13:46:45,2021-03-13T13:33:32
7834,13508,练习-计算行程费用,assignment,1.61561E+12,10,1.61561E+12,2021-03-13T13:47:03,2021-03-13T13:46:53
7834,13508,练习-计算行程费用,assignment,1.61561E+12,1458,1.61562E+12,2021-03-13T14:11:35,2021-03-13T13:47:17
7834,13506,练习讲解-计算行程费用,video,1.61562E+12,813,1.61562E+12,2021-03-13T14:25:17,2021-03-13T14:11:44
8070,13505,计算平均气温,video,1.61562E+12,5487,1.61562E+12,2021-03-13T15:54:10,2021-03-13T14:22:43
7834,13507,控制输出格式,video,1.61562E+12,333,1.61562E+12,2021-03-13T14:30:52,2021-03-13T14:25:19
7834,13509,练习-控制输出格式,assignment,1.61562E+12,452,1.61562E+12,2021-03-13T14:38:26,2021-03-13T14:30:54
7834,13507,控制输出格式,video,1.61562E+12,134,1.61562E+12,2021-03-13T14:40:43,2021-03-13T14:38:29
7834,13509,练习-控制输出格式,assignment,1.61562E+12,473,1.61562E+12,2021-03-13T14:48:38,2021-03-13T14:40:45
7834,13507,控制输出格式,video,1.61562E+12,77,1.61562E+12,2021-03-13T14:49:58,2021-03-13T14:48:41
7834,13509,练习-控制输出格式,assignment,1.61562E+12,19,1.61562E+12,2021-03-13T14:50:19,2021-03-13T14:50:00
7834,13510,练习讲解-身高的公/英制转换,video,1.61562E+12,457,1.61562E+12,2021-03-13T14:58:02,2021-03-13T14:50:25
7834,13511,不规则面积计算,video,1.61562E+12,513,1.61562E+12,2021-03-13T15:06:46,2021-03-13T14:58:13
7834,13512,练习-计算总面积,assignment,1.61562E+12,65,1.61562E+12,2021-03-13T15:07:53,2021-03-13T15:06:48
7834,13511,不规则面积计算,video,1.61562E+12,581,1.61562E+12,2021-03-13T15:17:36,2021-03-13T15:07:55
7834,13514,练习-外部输入,assignment,1.61563E+12,141,1.61563E+12,2021-03-13T16:52:20,2021-03-13T16:49:59
7834,13513,BMI计算-从键盘输入,video,1.61563E+12,1373,1.61563E+12,2021-03-13T17:15:16,2021-03-13T16:52:23
7834,13514,练习-外部输入,assignment,1.61563E+12,46,1.61563E+12,2021-03-13T17:16:06,2021-03-13T17:15:20
7834,13515,BMI分段输出,video,1.61563E+12,674,1.61563E+12,2021-03-13T17:27:28,2021-03-13T17:16:14
7834,13516,练习-判断奇数或偶数,assignment,1.61563E+12,314,1.61563E+12,2021-03-13T17:32:47,2021-03-13T17:27:33
7834,13515,BMI分段输出,video,1.61563E+12,237,1.61563E+12,2021-03-13T17:36:46,2021-03-13T17:32:49
7834,13516,练习-判断奇数或偶数,assignment,1.61563E+12,15,1.61563E+12,2021-03-13T17:37:03,2021-03-13T17:36:48
7834,13517,讨论-Python用作计算器,discussion,1.61563E+12,59,1.61563E+12,2021-03-13T17:38:13,2021-03-13T17:37:14
8310,13505,计算平均气温,video,1.61565E+12,458,1.61565E+12,2021-03-13T23:08:53,2021-03-13T23:01:15
8310,13508,练习-计算行程费用,assignment,1.61565E+12,353,1.61565E+12,2021-03-13T23:14:48,2021-03-13T23:08:55
8310,13508,练习-计算行程费用,assignment,1.61565E+12,317,1.61565E+12,2021-03-13T23:21:02,2021-03-13T23:15:45
8310,13505,计算平均气温,video,1.61565E+12,147,1.61565E+12,2021-03-13T23:23:31,2021-03-13T23:21:04
8310,13508,练习-计算行程费用,assignment,1.61565E+12,127,1.61565E+12,2021-03-13T23:25:40,2021-03-13T23:23:33
8310,13505,计算平均气温,video,1.61565E+12,64,1.61565E+12,2021-03-13T23:26:52,2021-03-13T23:25:48
8310,13508,练习-计算行程费用,assignment,1.61565E+12,20,1.61565E+12,2021-03-13T23:27:14,2021-03-13T23:26:54
8310,13506,练习讲解-计算行程费用,video,1.61565E+12,325,1.61565E+12,2021-03-13T23:32:46,2021-03-13T23:27:21
8310,13507,控制输出格式,video,1.61565E+12,338,1.61565E+12,2021-03-13T23:38:25,2021-03-13T23:32:47
8286,13508,练习-计算行程费用,assignment,1.61568E+12,621,1.61568E+12,2021-03-14T09:10:12,2021-03-14T08:59:51
8286,13506,练习讲解-计算行程费用,video,1.61568E+12,368,1.61568E+12,2021-03-14T09:16:28,2021-03-14T09:10:20
8286,13507,控制输出格式,video,1.61568E+12,10,1.61568E+12,2021-03-14T09:16:44,2021-03-14T09:16:34
8286,13507,控制输出格式,video,1.61568E+12,326,1.61568E+12,2021-03-14T09:22:13,2021-03-14T09:16:47
8286,13509,练习-控制输出格式,assignment,1.61568E+12,2139,1.61569E+12,2021-03-14T09:57:55,2021-03-14T09:22:16
8286,13507,控制输出格式,video,1.61569E+12,67,1.61569E+12,2021-03-14T09:59:05,2021-03-14T09:57:58
8286,13509,练习-控制输出格式,assignment,1.61569E+12,1383,1.61569E+12,2021-03-14T10:22:11,2021-03-14T09:59:08
8286,13509,练习-控制输出格式,assignment,1.61569E+12,6,1.61569E+12,2021-03-14T10:22:20,2021-03-14T10:22:14
8286,13510,练习讲解-身高的公/英制转换,video,1.61569E+12,399,1.61569E+12,2021-03-14T10:29:01,2021-03-14T10:22:22
8286,13511,不规则面积计算,video,1.61569E+12,525,1.61569E+12,2021-03-14T10:37:49,2021-03-14T10:29:04
8070,13505,计算平均气温,video,1.61569E+12,16,1.61569E+12,2021-03-14T10:38:22,2021-03-14T10:38:06
8070,13505,计算平均气温,video,1.61569E+12,253,1.61569E+12,2021-03-14T10:42:37,2021-03-14T10:38:24
8070,13508,练习-计算行程费用,assignment,1.61569E+12,3028,1.61569E+12,2021-03-14T11:33:07,2021-03-14T10:42:39
8286,13512,练习-计算总面积,assignment,1.61569E+12,51,1.61569E+12,2021-03-14T11:02:54,2021-03-14T11:02:03
8286,13512,练习-计算总面积,assignment,1.61569E+12,197,1.61569E+12,2021-03-14T11:06:21,2021-03-14T11:03:04
8286,13511,不规则面积计算,video,1.61569E+12,92,1.61569E+12,2021-03-14T11:07:56,2021-03-14T11:06:24
8286,13512,练习-计算总面积,assignment,1.61569E+12,214,1.61569E+12,2021-03-14T11:11:33,2021-03-14T11:07:59
8286,13511,不规则面积计算,video,1.61569E+12,355,1.61569E+12,2021-03-14T11:17:30,2021-03-14T11:11:35
8286,13512,练习-计算总面积,assignment,1.61569E+12,266,1.61569E+12,2021-03-14T11:21:59,2021-03-14T11:17:33
8286,13513,BMI计算-从键盘输入,video,1.61569E+12,641,1.61569E+12,2021-03-14T11:32:43,2021-03-14T11:22:02
8286,13514,练习-外部输入,assignment,1.61569E+12,1219,1.61569E+12,2021-03-14T11:53:05,2021-03-14T11:32:46
8286,13512,练习-计算总面积,assignment,1.61569E+12,672,1.61569E+12,2021-03-14T12:04:21,2021-03-14T11:53:09
8070,13505,计算平均气温,video,1.61569E+12,238,1.61569E+12,2021-03-14T12:00:52,2021-03-14T11:56:54
8070,13508,练习-计算行程费用,assignment,1.61569E+12,196,1.61569E+12,2021-03-14T12:04:17,2021-03-14T12:01:01
8070,13506,练习讲解-计算行程费用,video,1.61569E+12,486,1.6157E+12,2021-03-14T12:12:25,2021-03-14T12:04:19
8286,13514,练习-外部输入,assignment,1.61569E+12,5334,1.6157E+12,2021-03-14T13:33:21,2021-03-14T12:04:27
8070,13508,练习-计算行程费用,assignment,1.6157E+12,11,1.6157E+12,2021-03-14T12:12:39,2021-03-14T12:12:28
8070,13507,控制输出格式,video,1.6157E+12,23,1.6157E+12,2021-03-14T12:13:13,2021-03-14T12:12:50
8070,13507,控制输出格式,video,1.6157E+12,299,1.6157E+12,2021-03-14T12:18:15,2021-03-14T12:13:16
8070,13509,练习-控制输出格式,assignment,1.6157E+12,952,1.6157E+12,2021-03-14T12:34:10,2021-03-14T12:18:18
8070,13510,练习讲解-身高的公/英制转换,video,1.6157E+12,1011,1.6157E+12,2021-03-14T12:51:03,2021-03-14T12:34:12
8070,13509,练习-控制输出格式,assignment,1.6157E+12,32,1.6157E+12,2021-03-14T12:51:38,2021-03-14T12:51:06
8070,13511,不规则面积计算,video,1.6157E+12,1804,1.6157E+12,2021-03-14T13:21:54,2021-03-14T12:51:50
8070,13512,练习-计算总面积,assignment,1.6157E+12,241,1.6157E+12,2021-03-14T13:25:58,2021-03-14T13:21:57
8070,13511,不规则面积计算,video,1.6157E+12,625,1.6157E+12,2021-03-14T13:36:26,2021-03-14T13:26:01
8286,13515,BMI分段输出,video,1.6157E+12,3856,1.6157E+12,2021-03-14T14:37:44,2021-03-14T13:33:28
8070,13512,练习-计算总面积,assignment,1.6157E+12,957,1.6157E+12,2021-03-14T13:52:27,2021-03-14T13:36:30
8070,13512,练习-计算总面积,assignment,1.6157E+12,7,1.6157E+12,2021-03-14T13:52:37,2021-03-14T13:52:30
8070,13513,BMI计算-从键盘输入,video,1.6157E+12,380,1.6157E+12,2021-03-14T13:58:59,2021-03-14T13:52:39
8070,13514,练习-外部输入,assignment,1.6157E+12,285,1.6157E+12,2021-03-14T14:03:49,2021-03-14T13:59:04
8070,13513,BMI计算-从键盘输入,video,1.6157E+12,227,1.6157E+12,2021-03-14T14:07:39,2021-03-14T14:03:52
8070,13514,练习-外部输入,assignment,1.6157E+12,4770,1.61571E+12,2021-03-14T15:27:11,2021-03-14T14:07:41
8048,13507,控制输出格式,video,1.6157E+12,7,1.6157E+12,2021-03-14T14:25:01,2021-03-14T14:24:54
8048,13507,控制输出格式,video,1.6157E+12,1162,1.6157E+12,2021-03-14T14:44:38,2021-03-14T14:25:16
8286,13516,练习-判断奇数或偶数,assignment,1.6157E+12,2885,1.61571E+12,2021-03-14T15:25:52,2021-03-14T14:37:47
8048,13509,练习-控制输出格式,assignment,1.6157E+12,183,1.6157E+12,2021-03-14T14:47:44,2021-03-14T14:44:41
8048,13510,练习讲解-身高的公/英制转换,video,1.6157E+12,759,1.61571E+12,2021-03-14T15:00:25,2021-03-14T14:47:46
8048,13509,练习-控制输出格式,assignment,1.61571E+12,6,1.61571E+12,2021-03-14T15:00:34,2021-03-14T15:00:28
8048,13509,练习-控制输出格式,assignment,1.61571E+12,6,1.61571E+12,2021-03-14T15:00:43,2021-03-14T15:00:37
8048,13517,讨论-Python用作计算器,discussion,1.61571E+12,38,1.61571E+12,2021-03-14T15:01:24,2021-03-14T15:00:46
8286,13517,讨论-Python用作计算器,discussion,1.61571E+12,123,1.61571E+12,2021-03-14T15:28:01,2021-03-14T15:25:58
8070,13515,BMI分段输出,video,1.61571E+12,608,1.61571E+12,2021-03-14T15:37:23,2021-03-14T15:27:15
8286,13517,讨论-Python用作计算器,discussion,1.61571E+12,79,1.61571E+12,2021-03-14T15:29:28,2021-03-14T15:28:09
8070,13516,练习-判断奇数或偶数,assignment,1.61571E+12,13,1.61571E+12,2021-03-14T15:37:39,2021-03-14T15:37:26
8070,13516,练习-判断奇数或偶数,assignment,1.61571E+12,274,1.61571E+12,2021-03-14T15:42:15,2021-03-14T15:37:41
8070,13515,BMI分段输出,video,1.61571E+12,1091,1.61571E+12,2021-03-14T16:00:28,2021-03-14T15:42:17
8070,13516,练习-判断奇数或偶数,assignment,1.61571E+12,99,1.61571E+12,2021-03-14T16:02:10,2021-03-14T16:00:31
8061,13505,计算平均气温,video,1.61571E+12,528,1.61571E+12,2021-03-14T17:22:00,2021-03-14T17:13:12
8061,13508,练习-计算行程费用,assignment,1.61571E+12,441,1.61571E+12,2021-03-14T17:29:24,2021-03-14T17:22:03
8061,13505,计算平均气温,video,1.61571E+12,109,1.61571E+12,2021-03-14T17:31:15,2021-03-14T17:29:26
8061,13508,练习-计算行程费用,assignment,1.61571E+12,20,1.61571E+12,2021-03-14T17:31:37,2021-03-14T17:31:17
8061,13506,练习讲解-计算行程费用,video,1.61571E+12,133,1.61571E+12,2021-03-14T17:33:55,2021-03-14T17:31:42
8061,13508,练习-计算行程费用,assignment,1.61571E+12,32,1.61571E+12,2021-03-14T17:34:29,2021-03-14T17:33:57
8061,13506,练习讲解-计算行程费用,video,1.61571E+12,126,1.61571E+12,2021-03-14T17:36:41,2021-03-14T17:34:35
8061,13507,控制输出格式,video,1.61571E+12,184,1.61571E+12,2021-03-14T17:39:47,2021-03-14T17:36:43
8057,13505,计算平均气温,video,1.61571E+12,410,1.61572E+12,2021-03-14T17:43:55,2021-03-14T17:37:05
8061,13509,练习-控制输出格式,assignment,1.61571E+12,79,1.61571E+12,2021-03-14T17:41:09,2021-03-14T17:39:50
8061,13510,练习讲解-身高的公/英制转换,video,1.61571E+12,252,1.61572E+12,2021-03-14T17:45:24,2021-03-14T17:41:12
8066,13505,计算平均气温,video,1.61571E+12,213,1.61572E+12,2021-03-14T17:46:06,2021-03-14T17:42:33
8057,13508,练习-计算行程费用,assignment,1.61572E+12,451,1.61572E+12,2021-03-14T17:51:30,2021-03-14T17:43:59
8061,13509,练习-控制输出格式,assignment,1.61572E+12,439,1.61572E+12,2021-03-14T17:52:45,2021-03-14T17:45:26
8066,13506,练习讲解-计算行程费用,video,1.61572E+12,644,1.61572E+12,2021-03-14T17:57:00,2021-03-14T17:46:16
8083,13505,计算平均气温,video,1.61572E+12,35,1.61572E+12,2021-03-14T17:50:12,2021-03-14T17:49:37
8057,13508,练习-计算行程费用,assignment,1.61572E+12,1557,1.61572E+12,2021-03-14T18:19:17,2021-03-14T17:53:20
8083,13505,计算平均气温,video,1.61572E+12,1046,1.61572E+12,2021-03-14T18:12:04,2021-03-14T17:54:38
8066,13509,练习-控制输出格式,assignment,1.61572E+12,10,1.61572E+12,2021-03-14T17:57:22,2021-03-14T17:57:12
8066,13510,练习讲解-身高的公/英制转换,video,1.61572E+12,430,1.61572E+12,2021-03-14T18:04:37,2021-03-14T17:57:27
8066,13507,控制输出格式,video,1.61572E+12,310,1.61572E+12,2021-03-14T18:09:50,2021-03-14T18:04:40
8066,13507,控制输出格式,video,1.61572E+12,449,1.61572E+12,2021-03-14T18:17:22,2021-03-14T18:09:53
8066,13511,不规则面积计算,video,1.61572E+12,653,1.61572E+12,2021-03-14T18:29:14,2021-03-14T18:18:21
8057,13506,练习讲解-计算行程费用,video,1.61572E+12,424,1.61572E+12,2021-03-14T18:26:29,2021-03-14T18:19:25
8057,13507,控制输出格式,video,1.61572E+12,313,1.61572E+12,2021-03-14T18:31:46,2021-03-14T18:26:33
8057,13509,练习-控制输出格式,assignment,1.61572E+12,236,1.61572E+12,2021-03-14T18:35:45,2021-03-14T18:31:49
8057,13507,控制输出格式,video,1.61572E+12,113,1.61572E+12,2021-03-14T18:37:41,2021-03-14T18:35:48
8057,13509,练习-控制输出格式,assignment,1.61572E+12,229,1.61572E+12,2021-03-14T18:41:39,2021-03-14T18:37:50
8057,13507,控制输出格式,video,1.61572E+12,161,1.61572E+12,2021-03-14T18:44:24,2021-03-14T18:41:43
8057,13509,练习-控制输出格式,assignment,1.61572E+12,19,1.61572E+12,2021-03-14T18:44:47,2021-03-14T18:44:28
8057,13510,练习讲解-身高的公/英制转换,video,1.61572E+12,457,1.61572E+12,2021-03-14T18:52:29,2021-03-14T18:44:52
8057,13509,练习-控制输出格式,assignment,1.61572E+12,9,1.61572E+12,2021-03-14T18:52:41,2021-03-14T18:52:32
8057,13509,练习-控制输出格式,assignment,1.61572E+12,6,1.61572E+12,2021-03-14T18:52:49,2021-03-14T18:52:43
8057,13511,不规则面积计算,video,1.61572E+12,458,1.61572E+12,2021-03-14T19:00:29,2021-03-14T18:52:51
8057,13512,练习-计算总面积,assignment,1.61572E+12,211,1.61572E+12,2021-03-14T19:04:04,2021-03-14T19:00:33
8057,13511,不规则面积计算,video,1.61572E+12,132,1.61572E+12,2021-03-14T19:06:20,2021-03-14T19:04:08
8057,13512,练习-计算总面积,assignment,1.61572E+12,140,1.61572E+12,2021-03-14T19:08:43,2021-03-14T19:06:23
8057,13511,不规则面积计算,video,1.61572E+12,27,1.61572E+12,2021-03-14T19:09:15,2021-03-14T19:08:48
8057,13512,练习-计算总面积,assignment,1.61572E+12,222,1.61572E+12,2021-03-14T19:13:00,2021-03-14T19:09:18
8057,13511,不规则面积计算,video,1.61572E+12,116,1.61572E+12,2021-03-14T19:15:04,2021-03-14T19:13:08
8057,13512,练习-计算总面积,assignment,1.61572E+12,10,1.61572E+12,2021-03-14T19:15:16,2021-03-14T19:15:06
8057,13512,练习-计算总面积,assignment,1.61572E+12,107,1.61572E+12,2021-03-14T19:17:06,2021-03-14T19:15:19
8049,13507,控制输出格式,video,1.61572E+12,569,1.61572E+12,2021-03-14T19:24:52,2021-03-14T19:15:23
8057,13513,BMI计算-从键盘输入,video,1.61572E+12,471,1.61572E+12,2021-03-14T19:24:59,2021-03-14T19:17:08
8310,13507,控制输出格式,video,1.61572E+12,385,1.61572E+12,2021-03-14T19:31:04,2021-03-14T19:24:39
8049,13509,练习-控制输出格式,assignment,1.61572E+12,172,1.61572E+12,2021-03-14T19:27:47,2021-03-14T19:24:55
8057,13514,练习-外部输入,assignment,1.61572E+12,74,1.61572E+12,2021-03-14T19:26:21,2021-03-14T19:25:07
8057,13513,BMI计算-从键盘输入,video,1.61572E+12,24,1.61572E+12,2021-03-14T19:26:47,2021-03-14T19:26:23
8057,13514,练习-外部输入,assignment,1.61572E+12,909,1.61572E+12,2021-03-14T19:41:58,2021-03-14T19:26:49
8049,13510,练习讲解-身高的公/英制转换,video,1.61572E+12,20,1.61572E+12,2021-03-14T19:28:10,2021-03-14T19:27:50
8049,13509,练习-控制输出格式,assignment,1.61572E+12,265,1.61572E+12,2021-03-14T19:32:36,2021-03-14T19:28:11
8310,13509,练习-控制输出格式,assignment,1.61572E+12,84,1.61572E+12,2021-03-14T19:32:30,2021-03-14T19:31:06
8310,13510,练习讲解-身高的公/英制转换,video,1.61572E+12,923,1.61572E+12,2021-03-14T19:47:54,2021-03-14T19:32:31
8061,13511,不规则面积计算,video,1.61572E+12,308,1.61572E+12,2021-03-14T19:38:09,2021-03-14T19:33:01
8061,13512,练习-计算总面积,assignment,1.61572E+12,3617,1.61573E+12,2021-03-14T20:38:28,2021-03-14T19:38:11
8057,13515,BMI分段输出,video,1.61572E+12,1705,1.61572E+12,2021-03-14T20:10:31,2021-03-14T19:42:06
8310,13509,练习-控制输出格式,assignment,1.61572E+12,15,1.61572E+12,2021-03-14T19:48:11,2021-03-14T19:47:56
8310,13511,不规则面积计算,video,1.61572E+12,602,1.61572E+12,2021-03-14T19:58:20,2021-03-14T19:48:18
8310,13512,练习-计算总面积,assignment,1.61572E+12,625,1.61572E+12,2021-03-14T20:08:47,2021-03-14T19:58:22
8310,13513,BMI计算-从键盘输入,video,1.61572E+12,1618,1.61573E+12,2021-03-14T20:35:53,2021-03-14T20:08:55
8057,13515,BMI分段输出,video,1.61572E+12,180,1.61572E+12,2021-03-14T20:13:40,2021-03-14T20:10:40
8057,13516,练习-判断奇数或偶数,assignment,1.61572E+12,149,1.61572E+12,2021-03-14T20:16:33,2021-03-14T20:14:04
8057,13515,BMI分段输出,video,1.61572E+12,43,1.61572E+12,2021-03-14T20:17:19,2021-03-14T20:16:36
8057,13516,练习-判断奇数或偶数,assignment,1.61572E+12,164,1.61572E+12,2021-03-14T20:20:06,2021-03-14T20:17:22
8057,13517,讨论-Python用作计算器,discussion,1.61572E+12,123,1.61572E+12,2021-03-14T20:22:17,2021-03-14T20:20:14
8048,13511,不规则面积计算,video,1.61572E+12,322,1.61572E+12,2021-03-14T20:29:04,2021-03-14T20:23:42
8048,13512,练习-计算总面积,assignment,1.61572E+12,60,1.61573E+12,2021-03-14T20:30:07,2021-03-14T20:29:07
8048,13511,不规则面积计算,video,1.61573E+12,9,1.61573E+12,2021-03-14T20:30:18,2021-03-14T20:30:09
8048,13512,练习-计算总面积,assignment,1.61573E+12,139,1.61573E+12,2021-03-14T20:32:39,2021-03-14T20:30:20
8048,13511,不规则面积计算,video,1.61573E+12,231,1.61573E+12,2021-03-14T20:36:33,2021-03-14T20:32:42
8310,13514,练习-外部输入,assignment,1.61573E+12,175,1.61573E+12,2021-03-14T20:38:48,2021-03-14T20:35:53
8048,13512,练习-计算总面积,assignment,1.61573E+12,10,1.61573E+12,2021-03-14T20:36:46,2021-03-14T20:36:36
8048,13513,BMI计算-从键盘输入,video,1.61573E+12,1183,1.61573E+12,2021-03-14T20:56:38,2021-03-14T20:36:55
8310,13514,练习-外部输入,assignment,1.61573E+12,163,1.61573E+12,2021-03-14T20:41:33,2021-03-14T20:38:50
8310,13514,练习-外部输入,assignment,1.61573E+12,1052,1.61573E+12,2021-03-14T20:59:07,2021-03-14T20:41:35
8048,13514,练习-外部输入,assignment,1.61573E+12,651,1.61573E+12,2021-03-14T21:07:32,2021-03-14T20:56:41
8310,13514,练习-外部输入,assignment,1.61573E+12,80,1.61573E+12,2021-03-14T21:00:28,2021-03-14T20:59:08
8310,13515,BMI分段输出,video,1.61573E+12,1548,1.61573E+12,2021-03-14T21:26:23,2021-03-14T21:00:35
8048,13515,BMI分段输出,video,1.61573E+12,3227,1.61573E+12,2021-03-14T22:01:40,2021-03-14T21:07:53
8060,13510,练习讲解-身高的公/英制转换,video,1.61573E+12,1207,1.61573E+12,2021-03-14T21:32:58,2021-03-14T21:12:51
8310,13516,练习-判断奇数或偶数,assignment,1.61573E+12,625,1.61573E+12,2021-03-14T21:36:49,2021-03-14T21:26:24
8061,13512,练习-计算总面积,assignment,1.61573E+12,528,1.61573E+12,2021-03-14T21:38:03,2021-03-14T21:29:15
8060,13511,不规则面积计算,video,1.61573E+12,1257,1.61573E+12,2021-03-14T21:53:58,2021-03-14T21:33:01
8310,13517,讨论-Python用作计算器,discussion,1.61573E+12,30,1.61573E+12,2021-03-14T21:37:27,2021-03-14T21:36:57
8061,13513,BMI计算-从键盘输入,video,1.61573E+12,12,1.61573E+12,2021-03-14T21:38:18,2021-03-14T21:38:06
8049,13510,练习讲解-身高的公/英制转换,video,1.61573E+12,106,1.61573E+12,2021-03-14T21:39:54,2021-03-14T21:38:08
8061,13512,练习-计算总面积,assignment,1.61573E+12,353,1.61573E+12,2021-03-14T21:44:13,2021-03-14T21:38:20
8049,13509,练习-控制输出格式,assignment,1.61573E+12,141,1.61573E+12,2021-03-14T21:42:18,2021-03-14T21:39:57
8049,13510,练习讲解-身高的公/英制转换,video,1.61573E+12,220,1.61573E+12,2021-03-14T21:46:00,2021-03-14T21:42:20
8061,13513,BMI计算-从键盘输入,video,1.61573E+12,310,1.61573E+12,2021-03-14T21:49:26,2021-03-14T21:44:16
8049,13509,练习-控制输出格式,assignment,1.61573E+12,197,1.61573E+12,2021-03-14T21:49:20,2021-03-14T21:46:03
8049,13510,练习讲解-身高的公/英制转换,video,1.61573E+12,546,1.61573E+12,2021-03-14T21:58:29,2021-03-14T21:49:23
8061,13514,练习-外部输入,assignment,1.61573E+12,773,1.61573E+12,2021-03-14T22:02:21,2021-03-14T21:49:28
8060,13513,BMI计算-从键盘输入,video,1.61573E+12,643,1.61573E+12,2021-03-14T22:04:46,2021-03-14T21:54:03
8049,13509,练习-控制输出格式,assignment,1.61573E+12,179,1.61573E+12,2021-03-14T22:01:30,2021-03-14T21:58:31
8048,13516,练习-判断奇数或偶数,assignment,1.61573E+12,247,1.61573E+12,2021-03-14T22:05:50,2021-03-14T22:01:43
8061,13514,练习-外部输入,assignment,1.61573E+12,25,1.61573E+12,2021-03-14T22:02:49,2021-03-14T22:02:24
8048,13515,BMI分段输出,video,1.61573E+12,116,1.61573E+12,2021-03-14T22:07:50,2021-03-14T22:05:54
8048,13516,练习-判断奇数或偶数,assignment,1.61573E+12,25,1.61573E+12,2021-03-14T22:08:23,2021-03-14T22:07:58
8049,13512,练习-计算总面积,assignment,1.61573E+12,103,1.61573E+12,2021-03-14T22:09:44,2021-03-14T22:08:01
8048,13515,BMI分段输出,video,1.61573E+12,193,1.61573E+12,2021-03-14T22:11:39,2021-03-14T22:08:26
8049,13511,不规则面积计算,video,1.61573E+12,49,1.61573E+12,2021-03-14T22:10:35,2021-03-14T22:09:46
8049,13512,练习-计算总面积,assignment,1.61573E+12,44,1.61573E+12,2021-03-14T22:11:21,2021-03-14T22:10:37
8061,13516,练习-判断奇数或偶数,assignment,1.61573E+12,34,1.61573E+12,2021-03-14T22:11:14,2021-03-14T22:10:40
8332,13514,练习-外部输入,assignment,1.61573E+12,3356,1.61573E+12,2021-03-14T23:06:37,2021-03-14T22:10:41
8061,13516,练习-判断奇数或偶数,assignment,1.61573E+12,178,1.61573E+12,2021-03-14T22:14:13,2021-03-14T22:11:15
8049,13511,不规则面积计算,video,1.61573E+12,19,1.61573E+12,2021-03-14T22:11:42,2021-03-14T22:11:23
8048,13516,练习-判断奇数或偶数,assignment,1.61573E+12,7,1.61573E+12,2021-03-14T22:11:51,2021-03-14T22:11:44
8049,13512,练习-计算总面积,assignment,1.61573E+12,118,1.61573E+12,2021-03-14T22:13:44,2021-03-14T22:11:46
8048,13516,练习-判断奇数或偶数,assignment,1.61573E+12,11,1.61573E+12,2021-03-14T22:12:10,2021-03-14T22:11:59
8049,13511,不规则面积计算,video,1.61573E+12,14,1.61573E+12,2021-03-14T22:14:00,2021-03-14T22:13:46
8049,13512,练习-计算总面积,assignment,1.61573E+12,55,1.61573E+12,2021-03-14T22:14:57,2021-03-14T22:14:02
8061,13516,练习-判断奇数或偶数,assignment,1.61573E+12,601,1.61573E+12,2021-03-14T22:24:22,2021-03-14T22:14:21
8049,13511,不规则面积计算,video,1.61573E+12,17,1.61573E+12,2021-03-14T22:15:17,2021-03-14T22:15:00
8049,13512,练习-计算总面积,assignment,1.61573E+12,29,1.61573E+12,2021-03-14T22:15:49,2021-03-14T22:15:20
8049,13511,不规则面积计算,video,1.61573E+12,10,1.61573E+12,2021-03-14T22:16:02,2021-03-14T22:15:52
8049,13512,练习-计算总面积,assignment,1.61573E+12,97,1.61573E+12,2021-03-14T22:17:41,2021-03-14T22:16:04
8049,13512,练习-计算总面积,assignment,1.61573E+12,263,1.61573E+12,2021-03-14T22:24:31,2021-03-14T22:20:08
8061,13517,讨论-Python用作计算器,discussion,1.61573E+12,52,1.61573E+12,2021-03-14T22:25:21,2021-03-14T22:24:29
8049,13512,练习-计算总面积,assignment,1.61573E+12,8,1.61573E+12,2021-03-14T22:24:40,2021-03-14T22:24:32
8049,13517,讨论-Python用作计算器,discussion,1.61573E+12,18,1.61573E+12,2021-03-14T22:25:00,2021-03-14T22:24:42
8049,13513,BMI计算-从键盘输入,video,1.61573E+12,462,1.61573E+12,2021-03-14T22:32:45,2021-03-14T22:25:03
8049,13514,练习-外部输入,assignment,1.61573E+12,114,1.61573E+12,2021-03-14T22:34:40,2021-03-14T22:32:46
8049,13513,BMI计算-从键盘输入,video,1.61573E+12,77,1.61573E+12,2021-03-14T22:35:59,2021-03-14T22:34:42
8049,13514,练习-外部输入,assignment,1.61573E+12,273,1.61573E+12,2021-03-14T22:40:34,2021-03-14T22:36:01
8049,13513,BMI计算-从键盘输入,video,1.61573E+12,152,1.61573E+12,2021-03-14T22:43:09,2021-03-14T22:40:37
8049,13514,练习-外部输入,assignment,1.61573E+12,597,1.61573E+12,2021-03-14T22:53:09,2021-03-14T22:43:12
8049,13515,BMI分段输出,video,1.61573E+12,15,1.61573E+12,2021-03-14T22:53:30,2021-03-14T22:53:15
8332,13517,讨论-Python用作计算器,discussion,1.61573E+12,517,1.61573E+12,2021-03-14T23:15:18,2021-03-14T23:06:41
8332,13514,练习-外部输入,assignment,1.61573E+12,266,1.61574E+12,2021-03-14T23:19:51,2021-03-14T23:15:25
8332,13515,BMI分段输出,video,1.61574E+12,898,1.61574E+12,2021-03-14T23:34:57,2021-03-14T23:19:59
8060,13515,BMI分段输出,video,1.61574E+12,602,1.61574E+12,2021-03-14T23:48:44,2021-03-14T23:38:42
8332,13516,练习-判断奇数或偶数,assignment,1.61577E+12,14,1.61577E+12,2021-03-15T08:31:16,2021-03-15T08:31:02
8311,13511,不规则面积计算,video,1.61577E+12,1876,1.61577E+12,2021-03-15T10:02:07,2021-03-15T09:30:51
8315,13505,计算平均气温,video,1.61577E+12,534,1.61577E+12,2021-03-15T10:10:35,2021-03-15T10:01:41
8311,13512,练习-计算总面积,assignment,1.61578E+12,94,1.61578E+12,2021-03-15T10:47:52,2021-03-15T10:46:18
8311,13512,练习-计算总面积,assignment,1.61578E+12,9,1.61578E+12,2021-03-15T10:48:04,2021-03-15T10:47:55
8314,13507,控制输出格式,video,1.61578E+12,749,1.61578E+12,2021-03-15T11:08:32,2021-03-15T10:56:03
8314,13509,练习-控制输出格式,assignment,1.61578E+12,212,1.61578E+12,2021-03-15T11:12:06,2021-03-15T11:08:34
8314,13508,练习-计算行程费用,assignment,1.61578E+12,78,1.61578E+12,2021-03-15T11:13:33,2021-03-15T11:12:15
7803,13505,计算平均气温,video,1.61578E+12,495,1.61578E+12,2021-03-15T12:27:02,2021-03-15T12:18:47
7803,13506,练习讲解-计算行程费用,video,1.61578E+12,583,1.61578E+12,2021-03-15T12:36:47,2021-03-15T12:27:04
7803,13507,控制输出格式,video,1.61578E+12,737,1.61578E+12,2021-03-15T12:49:06,2021-03-15T12:36:49
7803,13510,练习讲解-身高的公/英制转换,video,1.61578E+12,505,1.61578E+12,2021-03-15T12:57:33,2021-03-15T12:49:08
7803,13511,不规则面积计算,video,1.61578E+12,409,1.61578E+12,2021-03-15T13:04:24,2021-03-15T12:57:35
7803,13513,BMI计算-从键盘输入,video,1.61578E+12,498,1.61579E+12,2021-03-15T13:12:45,2021-03-15T13:04:27
8311,13514,练习-外部输入,assignment,1.61579E+12,2441,1.61579E+12,2021-03-15T13:50:42,2021-03-15T13:10:01
7803,13515,BMI分段输出,video,1.61579E+12,1062,1.61579E+12,2021-03-15T13:30:31,2021-03-15T13:12:49
7803,13516,练习-判断奇数或偶数,assignment,1.61579E+12,10,1.61579E+12,2021-03-15T13:30:44,2021-03-15T13:30:34
8311,13514,练习-外部输入,assignment,1.61579E+12,6,1.61579E+12,2021-03-15T13:50:52,2021-03-15T13:50:46
8311,13515,BMI分段输出,video,1.61579E+12,487,1.61579E+12,2021-03-15T13:59:03,2021-03-15T13:50:56
8311,13516,练习-判断奇数或偶数,assignment,1.61579E+12,550,1.61579E+12,2021-03-15T14:08:23,2021-03-15T13:59:13
8311,13516,练习-判断奇数或偶数,assignment,1.61579E+12,14,1.61579E+12,2021-03-15T14:08:41,2021-03-15T14:08:27
8311,13517,讨论-Python用作计算器,discussion,1.61579E+12,350,1.61579E+12,2021-03-15T14:14:35,2021-03-15T14:08:45
8314,13506,练习讲解-计算行程费用,video,1.61579E+12,443,1.61579E+12,2021-03-15T14:57:36,2021-03-15T14:50:13
8314,13507,控制输出格式,video,1.61579E+12,1189,1.61579E+12,2021-03-15T15:17:29,2021-03-15T14:57:40
8310,13508,练习-计算行程费用,assignment,1.61579E+12,18,1.61579E+12,2021-03-15T15:00:45,2021-03-15T15:00:27
7803,13508,练习-计算行程费用,assignment,1.61579E+12,306,1.61579E+12,2021-03-15T15:09:55,2021-03-15T15:04:49
7803,13509,练习-控制输出格式,assignment,1.61579E+12,29,1.61579E+12,2021-03-15T15:10:27,2021-03-15T15:09:58
7803,13508,练习-计算行程费用,assignment,1.61579E+12,37,1.61579E+12,2021-03-15T15:11:06,2021-03-15T15:10:29
7803,13512,练习-计算总面积,assignment,1.61579E+12,60,1.61579E+12,2021-03-15T15:14:55,2021-03-15T15:13:55
7803,13509,练习-控制输出格式,assignment,1.61579E+12,21,1.61579E+12,2021-03-15T15:15:25,2021-03-15T15:15:04
7803,13514,练习-外部输入,assignment,1.61579E+12,193,1.61579E+12,2021-03-15T15:18:40,2021-03-15T15:15:27
7803,13514,练习-外部输入,assignment,1.61579E+12,8,1.61579E+12,2021-03-15T15:18:51,2021-03-15T15:18:43
7803,13516,练习-判断奇数或偶数,assignment,1.61579E+12,36,1.61579E+12,2021-03-15T15:19:30,2021-03-15T15:18:54
8314,13509,练习-控制输出格式,assignment,1.61579E+12,710,1.61579E+12,2021-03-15T15:31:07,2021-03-15T15:19:17
7803,13508,练习-计算行程费用,assignment,1.61579E+12,396,1.61579E+12,2021-03-15T15:26:16,2021-03-15T15:19:40
7803,13509,练习-控制输出格式,assignment,1.61579E+12,17,1.61579E+12,2021-03-15T15:26:40,2021-03-15T15:26:23
7803,13507,控制输出格式,video,1.61579E+12,12,1.61579E+12,2021-03-15T15:26:54,2021-03-15T15:26:42
7803,13510,练习讲解-身高的公/英制转换,video,1.61579E+12,358,1.61579E+12,2021-03-15T15:32:54,2021-03-15T15:26:56
7803,13509,练习-控制输出格式,assignment,1.61579E+12,20,1.61579E+12,2021-03-15T15:33:17,2021-03-15T15:32:57
7803,13509,练习-控制输出格式,assignment,1.61579E+12,28,1.61579E+12,2021-03-15T15:33:53,2021-03-15T15:33:25
7803,13517,讨论-Python用作计算器,discussion,1.61579E+12,33,1.61579E+12,2021-03-15T15:34:29,2021-03-15T15:33:56
8314,13510,练习讲解-身高的公/英制转换,video,1.6158E+12,3310,1.6158E+12,2021-03-15T17:36:37,2021-03-15T16:41:27
8066,13505,计算平均气温,video,1.6158E+12,2059,1.6158E+12,2021-03-15T18:42:45,2021-03-15T18:08:26
8066,13508,练习-计算行程费用,assignment,1.6158E+12,1983,1.6158E+12,2021-03-15T18:41:33,2021-03-15T18:08:30
8066,13508,练习-计算行程费用,assignment,1.6158E+12,66,1.6158E+12,2021-03-15T18:42:42,2021-03-15T18:41:36
7841,13505,计算平均气温,video,1.6158E+12,3305,1.61581E+12,2021-03-15T19:37:10,2021-03-15T18:42:05
8066,13509,练习-控制输出格式,assignment,1.6158E+12,1262,1.61581E+12,2021-03-15T19:03:48,2021-03-15T18:42:46
8066,13507,控制输出格式,video,1.6158E+12,1295,1.61581E+12,2021-03-15T19:04:23,2021-03-15T18:42:48
8048,13515,BMI分段输出,video,1.61581E+12,12,1.61581E+12,2021-03-15T18:50:43,2021-03-15T18:50:31
8066,13509,练习-控制输出格式,assignment,1.61581E+12,26,1.61581E+12,2021-03-15T19:04:17,2021-03-15T19:03:51
8066,13510,练习讲解-身高的公/英制转换,video,1.61581E+12,14,1.61581E+12,2021-03-15T19:04:36,2021-03-15T19:04:22
8066,13511,不规则面积计算,video,1.61581E+12,169,1.61581E+12,2021-03-15T19:07:28,2021-03-15T19:04:39
8066,13512,练习-计算总面积,assignment,1.61581E+12,720,1.61581E+12,2021-03-15T19:18:42,2021-03-15T19:06:42
8066,13506,练习讲解-计算行程费用,video,1.61581E+12,36,1.61581E+12,2021-03-15T19:08:06,2021-03-15T19:07:30
8066,13511,不规则面积计算,video,1.61581E+12,157,1.61581E+12,2021-03-15T19:10:46,2021-03-15T19:08:09
8066,13513,BMI计算-从键盘输入,video,1.61581E+12,538,1.61581E+12,2021-03-15T19:19:47,2021-03-15T19:10:49
7841,13508,练习-计算行程费用,assignment,1.61581E+12,1247,1.61581E+12,2021-03-15T19:36:34,2021-03-15T19:15:47
8048,13517,讨论-Python用作计算器,discussion,1.61581E+12,35,1.61581E+12,2021-03-15T19:18:46,2021-03-15T19:18:11
8066,13509,练习-控制输出格式,assignment,1.61581E+12,48,1.61581E+12,2021-03-15T19:19:33,2021-03-15T19:18:45
8066,13514,练习-外部输入,assignment,1.61581E+12,109,1.61581E+12,2021-03-15T19:21:25,2021-03-15T19:19:36
8066,13515,BMI分段输出,video,1.61581E+12,96,1.61581E+12,2021-03-15T19:21:25,2021-03-15T19:19:49
7841,13509,练习-控制输出格式,assignment,1.61581E+12,379,1.61581E+12,2021-03-15T19:43:09,2021-03-15T19:36:50
7841,13505,计算平均气温,video,1.61581E+12,8,1.61581E+12,2021-03-15T19:37:22,2021-03-15T19:37:14
7841,13506,练习讲解-计算行程费用,video,1.61581E+12,502,1.61581E+12,2021-03-15T19:45:46,2021-03-15T19:37:24
7841,13508,练习-计算行程费用,assignment,1.61581E+12,133,1.61581E+12,2021-03-15T19:45:36,2021-03-15T19:43:23
7841,13509,练习-控制输出格式,assignment,1.61581E+12,1174,1.61582E+12,2021-03-15T21:40:40,2021-03-15T21:21:06
7841,13507,控制输出格式,video,1.61581E+12,1173,1.61582E+12,2021-03-15T21:40:41,2021-03-15T21:21:08
8315,13505,计算平均气温,video,1.61581E+12,468,1.61582E+12,2021-03-15T21:31:01,2021-03-15T21:23:13
8315,13508,练习-计算行程费用,assignment,1.61582E+12,481,1.61582E+12,2021-03-15T21:39:05,2021-03-15T21:31:04
8315,13506,练习讲解-计算行程费用,video,1.61582E+12,333,1.61582E+12,2021-03-15T21:44:43,2021-03-15T21:39:10
8315,13508,练习-计算行程费用,assignment,1.61582E+12,80,1.61582E+12,2021-03-15T21:46:06,2021-03-15T21:44:46
8315,13508,练习-计算行程费用,assignment,1.61582E+12,25,1.61582E+12,2021-03-15T21:46:33,2021-03-15T21:46:08
8315,13509,练习-控制输出格式,assignment,1.61582E+12,7,1.61582E+12,2021-03-15T21:46:53,2021-03-15T21:46:46
8315,13507,控制输出格式,video,1.61582E+12,298,1.61582E+12,2021-03-15T21:51:54,2021-03-15T21:46:56
8315,13509,练习-控制输出格式,assignment,1.61582E+12,1607,1.61582E+12,2021-03-15T22:18:44,2021-03-15T21:51:57
8315,13509,练习-控制输出格式,assignment,1.61582E+12,3355,1.61582E+12,2021-03-15T23:14:46,2021-03-15T22:18:51
8310,13508,练习-计算行程费用,assignment,1.61586E+12,24,1.61586E+12,2021-03-16T09:54:27,2021-03-16T09:54:03
8311,13508,练习-计算行程费用,assignment,1.61586E+12,112,1.61586E+12,2021-03-16T11:17:26,2021-03-16T11:15:34
8311,13508,练习-计算行程费用,assignment,1.61586E+12,10,1.61586E+12,2021-03-16T11:17:41,2021-03-16T11:17:31
8315,13509,练习-控制输出格式,assignment,1.61587E+12,16,1.61587E+12,2021-03-16T12:18:26,2021-03-16T12:18:10
8315,13510,练习讲解-身高的公/英制转换,video,1.61587E+12,398,1.61587E+12,2021-03-16T12:25:08,2021-03-16T12:18:30
8315,13511,不规则面积计算,video,1.61587E+12,393,1.61587E+12,2021-03-16T12:32:06,2021-03-16T12:25:33
8315,13512,练习-计算总面积,assignment,1.61587E+12,914,1.61587E+12,2021-03-16T12:47:23,2021-03-16T12:32:09
8310,13508,练习-计算行程费用,assignment,1.61587E+12,382,1.61587E+12,2021-03-16T12:49:58,2021-03-16T12:43:36
8315,13513,BMI计算-从键盘输入,video,1.61587E+12,439,1.61587E+12,2021-03-16T12:54:49,2021-03-16T12:47:30
8310,13509,练习-控制输出格式,assignment,1.61587E+12,699,1.61587E+12,2021-03-16T13:01:43,2021-03-16T12:50:04
8315,13514,练习-外部输入,assignment,1.61587E+12,976,1.61587E+12,2021-03-16T13:11:13,2021-03-16T12:54:57
8310,13512,练习-计算总面积,assignment,1.61587E+12,476,1.61587E+12,2021-03-16T13:09:47,2021-03-16T13:01:51
8310,13514,练习-外部输入,assignment,1.61587E+12,465,1.61587E+12,2021-03-16T13:17:40,2021-03-16T13:09:55
8315,13515,BMI分段输出,video,1.61587E+12,763,1.61587E+12,2021-03-16T13:24:03,2021-03-16T13:11:20
8310,13516,练习-判断奇数或偶数,assignment,1.61587E+12,390,1.61587E+12,2021-03-16T13:24:18,2021-03-16T13:17:48
8310,13516,练习-判断奇数或偶数,assignment,1.61587E+12,13,1.61587E+12,2021-03-16T13:24:33,2021-03-16T13:24:20
8315,13516,练习-判断奇数或偶数,assignment,1.61588E+12,530,1.61588E+12,2021-03-16T15:13:52,2021-03-16T15:05:02
8315,13515,BMI分段输出,video,1.61588E+12,1347,1.61588E+12,2021-03-16T15:36:22,2021-03-16T15:13:55
8315,13516,练习-判断奇数或偶数,assignment,1.61588E+12,60,1.61588E+12,2021-03-16T15:37:26,2021-03-16T15:36:26
8315,13516,练习-判断奇数或偶数,assignment,1.61588E+12,16,1.61588E+12,2021-03-16T15:37:46,2021-03-16T15:37:30
8315,13517,讨论-Python用作计算器,discussion,1.61588E+12,53,1.61588E+12,2021-03-16T15:38:44,2021-03-16T15:37:51
8313,13507,控制输出格式,video,1.61588E+12,331,1.61588E+12,2021-03-16T15:52:43,2021-03-16T15:47:12
8313,13509,练习-控制输出格式,assignment,1.61588E+12,1429,1.61588E+12,2021-03-16T16:16:38,2021-03-16T15:52:49
8313,13510,练习讲解-身高的公/英制转换,video,1.61588E+12,637,1.61588E+12,2021-03-16T16:27:21,2021-03-16T16:16:44
8311,13509,练习-控制输出格式,assignment,1.61588E+12,174,1.61588E+12,2021-03-16T16:26:57,2021-03-16T16:24:03
8313,13509,练习-控制输出格式,assignment,1.61588E+12,312,1.61588E+12,2021-03-16T16:32:39,2021-03-16T16:27:27
8313,13511,不规则面积计算,video,1.61588E+12,6229,1.61589E+12,2021-03-16T18:16:40,2021-03-16T16:32:51
8311,13508,练习-计算行程费用,assignment,1.61588E+12,22,1.61588E+12,2021-03-16T16:35:08,2021-03-16T16:34:46
8311,13512,练习-计算总面积,assignment,1.61588E+12,69,1.61588E+12,2021-03-16T16:36:26,2021-03-16T16:35:17
8311,13512,练习-计算总面积,assignment,1.61588E+12,12,1.61588E+12,2021-03-16T16:36:40,2021-03-16T16:36:28
8311,13514,练习-外部输入,assignment,1.61588E+12,211,1.61588E+12,2021-03-16T16:40:14,2021-03-16T16:36:43
8311,13514,练习-外部输入,assignment,1.61588E+12,11,1.61588E+12,2021-03-16T16:40:27,2021-03-16T16:40:16
8311,13516,练习-判断奇数或偶数,assignment,1.61588E+12,48,1.61588E+12,2021-03-16T16:41:18,2021-03-16T16:40:30
8311,13516,练习-判断奇数或偶数,assignment,1.61588E+12,40,1.61588E+12,2021-03-16T16:42:00,2021-03-16T16:41:20
8049,13517,讨论-Python用作计算器,discussion,1.6159E+12,6,1.6159E+12,2021-03-16T21:14:32,2021-03-16T21:14:26
8049,13515,BMI分段输出,video,1.6159E+12,80,1.6159E+12,2021-03-16T21:16:08,2021-03-16T21:14:48
8049,13516,练习-判断奇数或偶数,assignment,1.6159E+12,10,1.6159E+12,2021-03-16T21:16:20,2021-03-16T21:16:10
8049,13515,BMI分段输出,video,1.6159E+12,751,1.6159E+12,2021-03-16T21:28:53,2021-03-16T21:16:22
8049,13516,练习-判断奇数或偶数,assignment,1.6159E+12,70,1.6159E+12,2021-03-16T21:30:06,2021-03-16T21:28:56
8049,13515,BMI分段输出,video,1.6159E+12,42,1.6159E+12,2021-03-16T21:30:50,2021-03-16T21:30:08
8049,13516,练习-判断奇数或偶数,assignment,1.6159E+12,54,1.6159E+12,2021-03-16T21:31:58,2021-03-16T21:31:04
8049,13515,BMI分段输出,video,1.6159E+12,7,1.6159E+12,2021-03-16T21:32:07,2021-03-16T21:32:00
8049,13516,练习-判断奇数或偶数,assignment,1.6159E+12,125,1.6159E+12,2021-03-16T21:34:15,2021-03-16T21:32:10
8060,13505,计算平均气温,video,1.61591E+12,141,1.61591E+12,2021-03-16T22:34:15,2021-03-16T22:31:54
8060,13508,练习-计算行程费用,assignment,1.61591E+12,91,1.61591E+12,2021-03-16T22:35:49,2021-03-16T22:34:18
8060,13505,计算平均气温,video,1.61591E+12,297,1.61591E+12,2021-03-16T22:40:50,2021-03-16T22:35:53
8060,13508,练习-计算行程费用,assignment,1.61591E+12,259,1.61591E+12,2021-03-16T22:45:13,2021-03-16T22:40:54
8060,13509,练习-控制输出格式,assignment,1.61591E+12,130,1.61591E+12,2021-03-16T22:47:29,2021-03-16T22:45:19
8060,13506,练习讲解-计算行程费用,video,1.61591E+12,68,1.61591E+12,2021-03-16T22:48:41,2021-03-16T22:47:33
8060,13507,控制输出格式,video,1.61591E+12,98,1.61591E+12,2021-03-16T22:50:22,2021-03-16T22:48:44
8060,13507,控制输出格式,video,1.61591E+12,865,1.61591E+12,2021-03-16T23:04:49,2021-03-16T22:50:24
8060,13509,练习-控制输出格式,assignment,1.61591E+12,25,1.61591E+12,2021-03-16T23:05:16,2021-03-16T23:04:51
8060,13510,练习讲解-身高的公/英制转换,video,1.61591E+12,308,1.61591E+12,2021-03-16T23:10:26,2021-03-16T23:05:18
8060,13509,练习-控制输出格式,assignment,1.61591E+12,13,1.61591E+12,2021-03-16T23:10:43,2021-03-16T23:10:30
8060,13510,练习讲解-身高的公/英制转换,video,1.61591E+12,445,1.61591E+12,2021-03-16T23:18:10,2021-03-16T23:10:45
8060,13507,控制输出格式,video,1.61591E+12,23,1.61591E+12,2021-03-16T23:18:36,2021-03-16T23:18:13
8060,13509,练习-控制输出格式,assignment,1.61591E+12,43,1.61591E+12,2021-03-16T23:19:22,2021-03-16T23:18:39
8060,13507,控制输出格式,video,1.61591E+12,130,1.61591E+12,2021-03-16T23:21:33,2021-03-16T23:19:23
8060,13510,练习讲解-身高的公/英制转换,video,1.61591E+12,273,1.61591E+12,2021-03-16T23:26:44,2021-03-16T23:22:11
8060,13509,练习-控制输出格式,assignment,1.61591E+12,7,1.61591E+12,2021-03-16T23:26:53,2021-03-16T23:26:46
8060,13512,练习-计算总面积,assignment,1.61591E+12,7,1.61591E+12,2021-03-16T23:27:06,2021-03-16T23:26:59
8060,13511,不规则面积计算,video,1.61591E+12,247,1.61591E+12,2021-03-16T23:31:16,2021-03-16T23:27:09
8060,13512,练习-计算总面积,assignment,1.61591E+12,289,1.61591E+12,2021-03-16T23:36:06,2021-03-16T23:31:17
8060,13511,不规则面积计算,video,1.61591E+12,196,1.61591E+12,2021-03-16T23:39:24,2021-03-16T23:36:08
8060,13512,练习-计算总面积,assignment,1.61591E+12,212,1.61591E+12,2021-03-16T23:42:58,2021-03-16T23:39:26
8060,13509,练习-控制输出格式,assignment,1.61591E+12,67,1.61591E+12,2021-03-16T23:44:09,2021-03-16T23:43:02
8060,13512,练习-计算总面积,assignment,1.61591E+12,307,1.61591E+12,2021-03-16T23:49:18,2021-03-16T23:44:11
8060,13514,练习-外部输入,assignment,1.61591E+12,15,1.61591E+12,2021-03-16T23:49:39,2021-03-16T23:49:24
8060,13513,BMI计算-从键盘输入,video,1.61591E+12,264,1.61591E+12,2021-03-16T23:54:05,2021-03-16T23:49:41
8060,13514,练习-外部输入,assignment,1.61591E+12,702,1.61591E+12,2021-03-17T00:05:50,2021-03-16T23:54:08
8060,13515,BMI分段输出,video,1.61591E+12,251,1.61591E+12,2021-03-17T00:10:11,2021-03-17T00:06:00
8060,13516,练习-判断奇数或偶数,assignment,1.61591E+12,104,1.61591E+12,2021-03-17T00:11:58,2021-03-17T00:10:14
8060,13515,BMI分段输出,video,1.61591E+12,263,1.61591E+12,2021-03-17T00:16:23,2021-03-17T00:12:00
8060,13516,练习-判断奇数或偶数,assignment,1.61591E+12,99,1.61591E+12,2021-03-17T00:18:04,2021-03-17T00:16:25
8060,13517,讨论-Python用作计算器,discussion,1.61591E+12,45,1.61591E+12,2021-03-17T00:18:54,2021-03-17T00:18:09
8060,13509,练习-控制输出格式,assignment,1.61596E+12,64,1.61596E+12,2021-03-17T14:26:42,2021-03-17T14:25:38
8060,13516,练习-判断奇数或偶数,assignment,1.61596E+12,7,1.61596E+12,2021-03-17T14:27:27,2021-03-17T14:27:20
8066,13511,不规则面积计算,video,1.61596E+12,708,1.61596E+12,2021-03-17T14:58:41,2021-03-17T14:46:53
8066,13512,练习-计算总面积,assignment,1.61596E+12,686,1.61596E+12,2021-03-17T14:58:27,2021-03-17T14:47:01
8066,13514,练习-外部输入,assignment,1.61596E+12,675,1.61596E+12,2021-03-17T15:09:52,2021-03-17T14:58:37
8066,13513,BMI计算-从键盘输入,video,1.61596E+12,263,1.61596E+12,2021-03-17T15:03:07,2021-03-17T14:58:44
8066,13505,计算平均气温,video,1.61596E+12,7,1.61596E+12,2021-03-17T15:03:20,2021-03-17T15:03:13
8066,13507,控制输出格式,video,1.61596E+12,603,1.61597E+12,2021-03-17T15:13:26,2021-03-17T15:03:23
8066,13514,练习-外部输入,assignment,1.61596E+12,208,1.61597E+12,2021-03-17T15:13:22,2021-03-17T15:09:54
8066,13515,BMI分段输出,video,1.61597E+12,874,1.61597E+12,2021-03-17T15:27:59,2021-03-17T15:13:25
8066,13516,练习-判断奇数或偶数,assignment,1.61597E+12,855,1.61597E+12,2021-03-17T15:27:48,2021-03-17T15:13:33
8066,13516,练习-判断奇数或偶数,assignment,1.61597E+12,6,1.61597E+12,2021-03-17T15:28:09,2021-03-17T15:28:03
8066,13517,讨论-Python用作计算器,discussion,1.61597E+12,76,1.61597E+12,2021-03-17T15:29:27,2021-03-17T15:28:11
8066,13516,练习-判断奇数或偶数,assignment,1.61597E+12,6,1.61597E+12,2021-03-17T15:57:27,2021-03-17T15:57:21
8324,13515,BMI分段输出,video,1.61597E+12,155,1.61598E+12,2021-03-17T17:57:53,2021-03-17T17:55:18
8324,13514,练习-外部输入,assignment,1.61598E+12,16,1.61598E+12,2021-03-17T17:58:11,2021-03-17T17:57:55
8324,13515,BMI分段输出,video,1.61598E+12,6592,1.61598E+12,2021-03-17T19:57:58,2021-03-17T18:08:06
8324,13514,练习-外部输入,assignment,1.61598E+12,12,1.61598E+12,2021-03-17T19:58:12,2021-03-17T19:58:00
8324,13516,练习-判断奇数或偶数,assignment,1.61598E+12,1579,1.61598E+12,2021-03-17T20:24:34,2021-03-17T19:58:15
7841,13507,控制输出格式,video,1.61598E+12,631,1.61598E+12,2021-03-17T20:10:35,2021-03-17T20:00:04
7841,13509,练习-控制输出格式,assignment,1.61598E+12,520,1.61598E+12,2021-03-17T20:10:38,2021-03-17T20:01:58
7841,13510,练习讲解-身高的公/英制转换,video,1.61598E+12,958,1.61598E+12,2021-03-17T20:26:38,2021-03-17T20:10:40
7841,13509,练习-控制输出格式,assignment,1.61598E+12,7,1.61598E+12,2021-03-17T20:20:27,2021-03-17T20:20:20
7841,13512,练习-计算总面积,assignment,1.61598E+12,351,1.61598E+12,2021-03-17T20:26:21,2021-03-17T20:20:30
8324,13516,练习-判断奇数或偶数,assignment,1.61598E+12,10,1.61598E+12,2021-03-17T20:24:48,2021-03-17T20:24:38
8324,13517,讨论-Python用作计算器,discussion,1.61598E+12,157,1.61598E+12,2021-03-17T20:27:28,2021-03-17T20:24:51
7841,13512,练习-计算总面积,assignment,1.61598E+12,2711,1.61599E+12,2021-03-17T21:11:48,2021-03-17T20:26:37
7841,13511,不规则面积计算,video,1.61598E+12,1175,1.61599E+12,2021-03-17T20:46:16,2021-03-17T20:26:41
7841,13510,练习讲解-身高的公/英制转换,video,1.61599E+12,406,1.61599E+12,2021-03-17T20:53:04,2021-03-17T20:46:18
7841,13511,不规则面积计算,video,1.61599E+12,1145,1.61599E+12,2021-03-17T21:12:11,2021-03-17T20:53:06
7841,13514,练习-外部输入,assignment,1.61599E+12,2053,1.61599E+12,2021-03-17T21:46:09,2021-03-17T21:11:56
7841,13513,BMI计算-从键盘输入,video,1.61599E+12,2038,1.61599E+12,2021-03-17T21:46:11,2021-03-17T21:12:13
8061,13514,练习-外部输入,assignment,1.61599E+12,48,1.61599E+12,2021-03-17T21:36:49,2021-03-17T21:36:01
7841,13509,练习-控制输出格式,assignment,1.61599E+12,28,1.61599E+12,2021-03-17T21:46:44,2021-03-17T21:46:16
7841,13507,控制输出格式,video,1.61599E+12,81,1.61599E+12,2021-03-17T21:48:08,2021-03-17T21:46:47
7841,13514,练习-外部输入,assignment,1.61599E+12,227,1.61599E+12,2021-03-17T21:51:56,2021-03-17T21:48:09
7841,13516,练习-判断奇数或偶数,assignment,1.61599E+12,675,1.61599E+12,2021-03-17T22:03:17,2021-03-17T21:52:02
7841,13515,BMI分段输出,video,1.61599E+12,671,1.61599E+12,2021-03-17T22:03:20,2021-03-17T21:52:09
7841,13516,练习-判断奇数或偶数,assignment,1.61599E+12,342,1.61599E+12,2021-03-17T22:09:07,2021-03-17T22:03:25
7841,13517,讨论-Python用作计算器,discussion,1.61599E+12,22,1.61599E+12,2021-03-17T22:09:43,2021-03-17T22:09:21
7841,13517,讨论-Python用作计算器,discussion,1.61599E+12,6,1.61599E+12,2021-03-17T22:09:51,2021-03-17T22:09:45
8332,13516,练习-判断奇数或偶数,assignment,1.616E+12,36000,1.61603E+12,2021-03-18T10:25:33,2021-03-18T00:25:33
8088,13505,计算平均气温,video,1.61605E+12,1679,1.61605E+12,2021-03-18T15:21:51,2021-03-18T14:53:52
8055,13505,计算平均气温,video,1.61606E+12,9,1.61606E+12,2021-03-18T16:13:21,2021-03-18T16:13:12
8055,13508,练习-计算行程费用,assignment,1.61606E+12,29,1.61606E+12,2021-03-18T16:13:53,2021-03-18T16:13:24
8055,13505,计算平均气温,video,1.61606E+12,1726,1.61606E+12,2021-03-18T16:42:17,2021-03-18T16:13:31
8055,13512,练习-计算总面积,assignment,1.61606E+12,1412,1.61606E+12,2021-03-18T16:37:33,2021-03-18T16:14:01
8055,13508,练习-计算行程费用,assignment,1.61606E+12,10,1.61606E+12,2021-03-18T16:37:47,2021-03-18T16:37:37
8055,13506,练习讲解-计算行程费用,video,1.61606E+12,349,1.61606E+12,2021-03-18T16:48:09,2021-03-18T16:42:20
8088,13506,练习讲解-计算行程费用,video,1.61606E+12,16,1.61606E+12,2021-03-18T16:59:34,2021-03-18T16:59:18
8055,13507,控制输出格式,video,1.61606E+12,1470,1.61606E+12,2021-03-18T17:26:03,2021-03-18T17:01:33
8055,13508,练习-计算行程费用,assignment,1.61606E+12,302,1.61606E+12,2021-03-18T17:06:45,2021-03-18T17:01:43
8055,13509,练习-控制输出格式,assignment,1.61606E+12,205,1.61606E+12,2021-03-18T17:10:13,2021-03-18T17:06:48
8070,13517,讨论-Python用作计算器,discussion,1.61606E+12,157,1.61606E+12,2021-03-18T17:53:56,2021-03-18T17:51:19
8055,13509,练习-控制输出格式,assignment,1.61606E+12,7,1.61606E+12,2021-03-18T17:53:29,2021-03-18T17:53:22
8055,13509,练习-控制输出格式,assignment,1.61606E+12,1134,1.61606E+12,2021-03-18T18:12:26,2021-03-18T17:53:32
8088,13508,练习-计算行程费用,assignment,1.61606E+12,459,1.61606E+12,2021-03-18T18:02:10,2021-03-18T17:54:31
8055,13507,控制输出格式,video,1.61606E+12,137,1.61606E+12,2021-03-18T17:58:31,2021-03-18T17:56:14
8055,13510,练习讲解-身高的公/英制转换,video,1.61606E+12,1086,1.61606E+12,2021-03-18T18:16:43,2021-03-18T17:58:37
8070,13516,练习-判断奇数或偶数,assignment,1.61606E+12,92,1.61606E+12,2021-03-18T18:02:59,2021-03-18T18:01:27
8088,13507,控制输出格式,video,1.61606E+12,507,1.61606E+12,2021-03-18T18:10:42,2021-03-18T18:02:15
8088,13509,练习-控制输出格式,assignment,1.61606E+12,13,1.61606E+12,2021-03-18T18:10:58,2021-03-18T18:10:45
8061,13508,练习-计算行程费用,assignment,1.61606E+12,393,1.61606E+12,2021-03-18T18:17:22,2021-03-18T18:10:49
8070,13508,练习-计算行程费用,assignment,1.61606E+12,399,1.61606E+12,2021-03-18T18:17:41,2021-03-18T18:11:02
8088,13508,练习-计算行程费用,assignment,1.61606E+12,770,1.61606E+12,2021-03-18T18:23:52,2021-03-18T18:11:02
8055,13509,练习-控制输出格式,assignment,1.61606E+12,391,1.61606E+12,2021-03-18T18:18:59,2021-03-18T18:12:28
7834,13508,练习-计算行程费用,assignment,1.61606E+12,26,1.61606E+12,2021-03-18T18:14:09,2021-03-18T18:13:43
8055,13511,不规则面积计算,video,1.61606E+12,1467,1.61606E+12,2021-03-18T18:41:13,2021-03-18T18:16:46
8061,13509,练习-控制输出格式,assignment,1.61606E+12,780,1.61606E+12,2021-03-18T18:30:26,2021-03-18T18:17:26
8070,13509,练习-控制输出格式,assignment,1.61606E+12,768,1.61606E+12,2021-03-18T18:30:31,2021-03-18T18:17:43
7834,13514,练习-外部输入,assignment,1.61606E+12,9,1.61606E+12,2021-03-18T18:18:16,2021-03-18T18:18:07
8055,13512,练习-计算总面积,assignment,1.61606E+12,1348,1.61606E+12,2021-03-18T18:41:29,2021-03-18T18:19:01
8088,13508,练习-计算行程费用,assignment,1.61606E+12,32,1.61606E+12,2021-03-18T18:24:30,2021-03-18T18:23:58
8088,13510,练习讲解-身高的公/英制转换,video,1.61606E+12,433,1.61606E+12,2021-03-18T18:31:48,2021-03-18T18:24:35
8070,13512,练习-计算总面积,assignment,1.61606E+12,534,1.61606E+12,2021-03-18T18:39:27,2021-03-18T18:30:33
8061,13511,不规则面积计算,video,1.61606E+12,54,1.61606E+12,2021-03-18T18:31:33,2021-03-18T18:30:39
8061,13512,练习-计算总面积,assignment,1.61606E+12,418,1.61606E+12,2021-03-18T18:38:33,2021-03-18T18:31:35
8088,13511,不规则面积计算,video,1.61606E+12,122,1.61606E+12,2021-03-18T18:33:55,2021-03-18T18:31:53
8088,13509,练习-控制输出格式,assignment,1.61606E+12,889,1.61606E+12,2021-03-18T18:48:47,2021-03-18T18:33:58
8061,13514,练习-外部输入,assignment,1.61606E+12,196,1.61606E+12,2021-03-18T18:41:55,2021-03-18T18:38:39
7803,13512,练习-计算总面积,assignment,1.61606E+12,16,1.61606E+12,2021-03-18T18:39:37,2021-03-18T18:39:21
8070,13514,练习-外部输入,assignment,1.61606E+12,668,1.61606E+12,2021-03-18T18:50:38,2021-03-18T18:39:30
8055,13513,BMI计算-从键盘输入,video,1.61606E+12,11,1.61606E+12,2021-03-18T18:41:26,2021-03-18T18:41:15
8061,13516,练习-判断奇数或偶数,assignment,1.61606E+12,235,1.61606E+12,2021-03-18T18:45:53,2021-03-18T18:41:58
8088,13511,不规则面积计算,video,1.61606E+12,386,1.61606E+12,2021-03-18T18:55:17,2021-03-18T18:48:51
8088,13513,BMI计算-从键盘输入,video,1.61606E+12,551,1.61607E+12,2021-03-18T19:04:33,2021-03-18T18:55:22
8088,13515,BMI分段输出,video,1.61607E+12,891,1.61607E+12,2021-03-18T19:19:30,2021-03-18T19:04:39
8088,13517,讨论-Python用作计算器,discussion,1.61607E+12,110,1.61607E+12,2021-03-18T19:21:25,2021-03-18T19:19:35
8055,13512,练习-计算总面积,assignment,1.61607E+12,199,1.61607E+12,2021-03-18T20:05:24,2021-03-18T20:02:05
8055,13512,练习-计算总面积,assignment,1.61607E+12,1264,1.61607E+12,2021-03-18T20:23:09,2021-03-18T20:02:05
8055,13511,不规则面积计算,video,1.61607E+12,1125,1.61607E+12,2021-03-18T20:24:16,2021-03-18T20:05:31
8055,13512,练习-计算总面积,assignment,1.61607E+12,135,1.61607E+12,2021-03-18T20:26:34,2021-03-18T20:24:19
8055,13512,练习-计算总面积,assignment,1.61607E+12,9,1.61607E+12,2021-03-18T20:26:47,2021-03-18T20:26:38
8055,13513,BMI计算-从键盘输入,video,1.61607E+12,3292,1.61607E+12,2021-03-18T21:21:43,2021-03-18T20:26:51
8055,13514,练习-外部输入,assignment,1.61607E+12,1203,1.61607E+12,2021-03-18T20:47:50,2021-03-18T20:27:47
8055,13512,练习-计算总面积,assignment,1.61607E+12,14,1.61607E+12,2021-03-18T20:48:09,2021-03-18T20:47:55
8055,13512,练习-计算总面积,assignment,1.61607E+12,15,1.61607E+12,2021-03-18T20:49:29,2021-03-18T20:49:14
8055,13514,练习-外部输入,assignment,1.61607E+12,196,1.61607E+12,2021-03-18T20:52:49,2021-03-18T20:49:33
8049,13512,练习-计算总面积,assignment,1.61607E+12,27,1.61607E+12,2021-03-18T20:52:55,2021-03-18T20:52:28
8049,13512,练习-计算总面积,assignment,1.61607E+12,44,1.61607E+12,2021-03-18T20:53:38,2021-03-18T20:52:54
8055,13509,练习-控制输出格式,assignment,1.61607E+12,122,1.61607E+12,2021-03-18T20:55:07,2021-03-18T20:53:05
8049,13514,练习-外部输入,assignment,1.61607E+12,32,1.61607E+12,2021-03-18T20:54:14,2021-03-18T20:53:42
8049,13516,练习-判断奇数或偶数,assignment,1.61607E+12,11,1.61607E+12,2021-03-18T20:54:28,2021-03-18T20:54:17
8055,13514,练习-外部输入,assignment,1.61607E+12,1576,1.61607E+12,2021-03-18T21:21:27,2021-03-18T20:55:11
8049,13512,练习-计算总面积,assignment,1.61607E+12,10,1.61607E+12,2021-03-18T20:56:45,2021-03-18T20:56:35
8049,13514,练习-外部输入,assignment,1.61607E+12,45,1.61607E+12,2021-03-18T20:57:33,2021-03-18T20:56:48
8049,13514,练习-外部输入,assignment,1.61607E+12,46,1.61607E+12,2021-03-18T20:58:19,2021-03-18T20:57:33
8049,13514,练习-外部输入,assignment,1.61607E+12,56,1.61607E+12,2021-03-18T20:59:15,2021-03-18T20:58:19
8049,13516,练习-判断奇数或偶数,assignment,1.61607E+12,13,1.61607E+12,2021-03-18T20:59:10,2021-03-18T20:58:57
8055,13514,练习-外部输入,assignment,1.61607E+12,7,1.61607E+12,2021-03-18T21:21:39,2021-03-18T21:21:32
8055,13516,练习-判断奇数或偶数,assignment,1.61607E+12,941,1.61607E+12,2021-03-18T21:37:22,2021-03-18T21:21:41
8055,13515,BMI分段输出,video,1.61607E+12,1373,1.61608E+12,2021-03-18T21:44:37,2021-03-18T21:21:44
8055,13514,练习-外部输入,assignment,1.61607E+12,6,1.61607E+12,2021-03-18T21:37:55,2021-03-18T21:37:49
8055,13516,练习-判断奇数或偶数,assignment,1.61607E+12,176,1.61607E+12,2021-03-18T21:42:46,2021-03-18T21:39:50
8055,13516,练习-判断奇数或偶数,assignment,1.61607E+12,7,1.61607E+12,2021-03-18T21:42:56,2021-03-18T21:42:49
8055,13517,讨论-Python用作计算器,discussion,1.61607E+12,83,1.61608E+12,2021-03-18T21:44:21,2021-03-18T21:42:58
8088,13509,练习-控制输出格式,assignment,1.61608E+12,136,1.61608E+12,2021-03-18T22:02:17,2021-03-18T22:00:01
8088,13514,练习-外部输入,assignment,1.61608E+12,120,1.61608E+12,2021-03-18T22:04:22,2021-03-18T22:02:22
8055,13514,练习-外部输入,assignment,1.61608E+12,13,1.61608E+12,2021-03-18T22:03:56,2021-03-18T22:03:43
8088,13509,练习-控制输出格式,assignment,1.61608E+12,1012,1.61608E+12,2021-03-18T22:21:19,2021-03-18T22:04:27
8088,13509,练习-控制输出格式,assignment,1.61608E+12,29,1.61608E+12,2021-03-18T22:43:22,2021-03-18T22:42:53
8088,13512,练习-计算总面积,assignment,1.61608E+12,54,1.61608E+12,2021-03-18T22:44:28,2021-03-18T22:43:34
8088,13511,不规则面积计算,video,1.61608E+12,73,1.61608E+12,2021-03-18T22:45:44,2021-03-18T22:44:31
8088,13512,练习-计算总面积,assignment,1.61608E+12,405,1.61608E+12,2021-03-18T22:52:39,2021-03-18T22:45:54
8088,13516,练习-判断奇数或偶数,assignment,1.61608E+12,26,1.61608E+12,2021-03-18T22:53:09,2021-03-18T22:52:43
8088,13516,练习-判断奇数或偶数,assignment,1.61608E+12,6,1.61608E+12,2021-03-18T22:53:18,2021-03-18T22:53:12
8088,13511,不规则面积计算,video,1.61608E+12,35,1.61608E+12,2021-03-18T22:53:57,2021-03-18T22:53:22
8088,13515,BMI分段输出,video,1.61608E+12,18,1.61608E+12,2021-03-18T22:54:19,2021-03-18T22:54:01
8088,13513,BMI计算-从键盘输入,video,1.61608E+12,94,1.61608E+12,2021-03-18T22:55:57,2021-03-18T22:54:23
8088,13514,练习-外部输入,assignment,1.61608E+12,215,1.61608E+12,2021-03-18T23:06:08,2021-03-18T23:02:33
8070,13514,练习-外部输入,assignment,1.61614E+12,495,1.61614E+12,2021-03-19T16:23:54,2021-03-19T16:15:39
8323,13505,计算平均气温,video,1.61625E+12,388,1.61625E+12,2021-03-20T21:18:56,2021-03-20T21:12:28
8323,13508,练习-计算行程费用,assignment,1.61625E+12,414,1.61625E+12,2021-03-20T21:25:54,2021-03-20T21:19:00
8323,13506,练习讲解-计算行程费用,video,1.61625E+12,338,1.61625E+12,2021-03-20T21:31:43,2021-03-20T21:26:05
8323,13507,控制输出格式,video,1.61625E+12,304,1.61625E+12,2021-03-20T21:36:51,2021-03-20T21:31:47
8323,13509,练习-控制输出格式,assignment,1.61625E+12,469,1.61625E+12,2021-03-20T21:44:48,2021-03-20T21:36:59
8323,13509,练习-控制输出格式,assignment,1.61625E+12,58,1.61625E+12,2021-03-20T21:45:52,2021-03-20T21:44:54
8323,13510,练习讲解-身高的公/英制转换,video,1.61625E+12,399,1.61625E+12,2021-03-20T21:52:35,2021-03-20T21:45:56
8323,13511,不规则面积计算,video,1.61625E+12,381,1.61625E+12,2021-03-20T21:58:58,2021-03-20T21:52:37
8323,13512,练习-计算总面积,assignment,1.61625E+12,4673,1.61625E+12,2021-03-20T23:16:55,2021-03-20T21:59:02
8323,13509,练习-控制输出格式,assignment,1.61625E+12,7,1.61625E+12,2021-03-20T23:17:05,2021-03-20T23:16:58
8323,13512,练习-计算总面积,assignment,1.61625E+12,1272,1.61625E+12,2021-03-20T23:38:19,2021-03-20T23:17:07
8323,13513,BMI计算-从键盘输入,video,1.61625E+12,487,1.61626E+12,2021-03-20T23:46:33,2021-03-20T23:38:26
8313,13511,不规则面积计算,video,1.61629E+12,421,1.61629E+12,2021-03-21T09:53:02,2021-03-21T09:46:01
8313,13512,练习-计算总面积,assignment,1.61629E+12,450,1.61629E+12,2021-03-21T10:00:41,2021-03-21T09:53:11
8313,13511,不规则面积计算,video,1.61629E+12,198,1.61629E+12,2021-03-21T10:04:04,2021-03-21T10:00:46
8313,13512,练习-计算总面积,assignment,1.61629E+12,46,1.61629E+12,2021-03-21T10:04:52,2021-03-21T10:04:06
8313,13512,练习-计算总面积,assignment,1.61629E+12,8,1.61629E+12,2021-03-21T10:05:02,2021-03-21T10:04:54
8313,13513,BMI计算-从键盘输入,video,1.61629E+12,470,1.61629E+12,2021-03-21T10:12:57,2021-03-21T10:05:07
8313,13514,练习-外部输入,assignment,1.61629E+12,1172,1.61629E+12,2021-03-21T10:32:31,2021-03-21T10:12:59
8313,13515,BMI分段输出,video,1.61629E+12,635,1.61629E+12,2021-03-21T10:43:16,2021-03-21T10:32:41
8313,13516,练习-判断奇数或偶数,assignment,1.61629E+12,1392,1.6163E+12,2021-03-21T11:06:30,2021-03-21T10:43:18
8313,13515,BMI分段输出,video,1.6163E+12,2934,1.6163E+12,2021-03-21T11:55:29,2021-03-21T11:06:35
8315,13516,练习-判断奇数或偶数,assignment,1.6163E+12,71,1.6163E+12,2021-03-21T12:15:31,2021-03-21T12:14:20
8323,13513,BMI计算-从键盘输入,video,1.6163E+12,12149,1.61631E+12,2021-03-21T16:06:05,2021-03-21T12:43:36
8313,13516,练习-判断奇数或偶数,assignment,1.61631E+12,31,1.61631E+12,2021-03-21T15:55:29,2021-03-21T15:54:58
8313,13517,讨论-Python用作计算器,discussion,1.61631E+12,623,1.61631E+12,2021-03-21T16:05:59,2021-03-21T15:55:36
8083,13508,练习-计算行程费用,assignment,1.61632E+12,252,1.61632E+12,2021-03-21T17:01:57,2021-03-21T16:57:45
8048,13514,练习-外部输入,assignment,1.61632E+12,55,1.61632E+12,2021-03-21T17:01:51,2021-03-21T17:00:56
8083,13505,计算平均气温,video,1.61632E+12,176,1.61632E+12,2021-03-21T17:04:57,2021-03-21T17:02:01
8083,13508,练习-计算行程费用,assignment,1.61632E+12,410,1.61632E+12,2021-03-21T17:11:49,2021-03-21T17:04:59
8083,13506,练习讲解-计算行程费用,video,1.61632E+12,482,1.61632E+12,2021-03-21T17:19:57,2021-03-21T17:11:55
8083,13507,控制输出格式,video,1.61632E+12,159,1.61632E+12,2021-03-21T17:23:28,2021-03-21T17:20:49
8083,13517,讨论-Python用作计算器,discussion,1.61632E+12,21,1.61632E+12,2021-03-21T17:23:51,2021-03-21T17:23:30
8083,13507,控制输出格式,video,1.61632E+12,65,1.61632E+12,2021-03-21T17:24:59,2021-03-21T17:23:54
8083,13509,练习-控制输出格式,assignment,1.61632E+12,106,1.61632E+12,2021-03-21T17:26:50,2021-03-21T17:25:04
8083,13507,控制输出格式,video,1.61632E+12,353,1.61632E+12,2021-03-21T17:32:45,2021-03-21T17:26:52
8083,13509,练习-控制输出格式,assignment,1.61632E+12,35,1.61632E+12,2021-03-21T17:33:23,2021-03-21T17:32:48
8083,13510,练习讲解-身高的公/英制转换,video,1.61632E+12,241,1.61632E+12,2021-03-21T17:37:29,2021-03-21T17:33:28
8083,13511,不规则面积计算,video,1.61632E+12,342,1.61632E+12,2021-03-21T17:43:14,2021-03-21T17:37:32
8083,13512,练习-计算总面积,assignment,1.61632E+12,451,1.61632E+12,2021-03-21T17:50:48,2021-03-21T17:43:17
8083,13511,不规则面积计算,video,1.61632E+12,651,1.61632E+12,2021-03-21T18:01:43,2021-03-21T17:50:52
8083,13512,练习-计算总面积,assignment,1.61632E+12,8,1.61632E+12,2021-03-21T18:01:54,2021-03-21T18:01:46
8083,13512,练习-计算总面积,assignment,1.61632E+12,112,1.61632E+12,2021-03-21T18:03:50,2021-03-21T18:01:58
8083,13513,BMI计算-从键盘输入,video,1.61632E+12,308,1.61632E+12,2021-03-21T18:09:00,2021-03-21T18:03:52
8083,13514,练习-外部输入,assignment,1.61632E+12,328,1.61632E+12,2021-03-21T18:14:31,2021-03-21T18:09:03
8083,13513,BMI计算-从键盘输入,video,1.61632E+12,277,1.61632E+12,2021-03-21T18:19:10,2021-03-21T18:14:33
8083,13514,练习-外部输入,assignment,1.61632E+12,349,1.61632E+12,2021-03-21T18:25:01,2021-03-21T18:19:12
8083,13515,BMI分段输出,video,1.61632E+12,296,1.61632E+12,2021-03-21T18:30:03,2021-03-21T18:25:07
8083,13516,练习-判断奇数或偶数,assignment,1.61632E+12,574,1.61632E+12,2021-03-21T18:39:40,2021-03-21T18:30:06
8083,13515,BMI分段输出,video,1.61632E+12,65,1.61632E+12,2021-03-21T18:40:48,2021-03-21T18:39:43
8083,13516,练习-判断奇数或偶数,assignment,1.61632E+12,13,1.61632E+12,2021-03-21T18:41:02,2021-03-21T18:40:49
8083,13516,练习-判断奇数或偶数,assignment,1.61632E+12,487,1.61632E+12,2021-03-21T18:49:34,2021-03-21T18:41:27
8313,13512,练习-计算总面积,assignment,1.61632E+12,147,1.61632E+12,2021-03-21T19:09:34,2021-03-21T19:07:07
8313,13509,练习-控制输出格式,assignment,1.61632E+12,13,1.61632E+12,2021-03-21T19:09:50,2021-03-21T19:09:37
8313,13512,练习-计算总面积,assignment,1.61632E+12,99,1.61633E+12,2021-03-21T19:11:31,2021-03-21T19:09:52
8313,13514,练习-外部输入,assignment,1.61633E+12,32,1.61633E+12,2021-03-21T19:12:04,2021-03-21T19:11:32
8313,13516,练习-判断奇数或偶数,assignment,1.61633E+12,70,1.61633E+12,2021-03-21T19:13:17,2021-03-21T19:12:07
8314,13511,不规则面积计算,video,1.61633E+12,401,1.61633E+12,2021-03-21T19:26:33,2021-03-21T19:19:52
8313,13509,练习-控制输出格式,assignment,1.61633E+12,13,1.61633E+12,2021-03-21T19:21:48,2021-03-21T19:21:35
8314,13512,练习-计算总面积,assignment,1.61633E+12,746,1.61633E+12,2021-03-21T19:39:01,2021-03-21T19:26:35
8314,13511,不规则面积计算,video,1.61633E+12,103,1.61633E+12,2021-03-21T19:40:47,2021-03-21T19:39:04
8314,13512,练习-计算总面积,assignment,1.61633E+12,1460,1.61633E+12,2021-03-21T20:08:16,2021-03-21T19:43:56
8314,13511,不规则面积计算,video,1.61633E+12,580,1.61633E+12,2021-03-21T20:18:01,2021-03-21T20:08:21
8314,13512,练习-计算总面积,assignment,1.61633E+12,342,1.61633E+12,2021-03-21T20:23:46,2021-03-21T20:18:04
8314,13511,不规则面积计算,video,1.61633E+12,656,1.61633E+12,2021-03-21T20:34:45,2021-03-21T20:23:49
8313,13512,练习-计算总面积,assignment,1.61637E+12,766,1.61637E+12,2021-03-22T08:47:45,2021-03-22T08:34:59
8315,13512,练习-计算总面积,assignment,1.61637E+12,87,1.61637E+12,2021-03-22T08:46:34,2021-03-22T08:45:07
8313,13514,练习-外部输入,assignment,1.61637E+12,590,1.61637E+12,2021-03-22T08:57:37,2021-03-22T08:47:47
8315,13514,练习-外部输入,assignment,1.61637E+12,51,1.61637E+12,2021-03-22T08:52:17,2021-03-22T08:51:26
8315,13509,练习-控制输出格式,assignment,1.61637E+12,718,1.61638E+12,2021-03-22T09:04:22,2021-03-22T08:52:24
8313,13516,练习-判断奇数或偶数,assignment,1.61637E+12,185,1.61637E+12,2021-03-22T09:00:44,2021-03-22T08:57:39
8315,13512,练习-计算总面积,assignment,1.61638E+12,6,1.61638E+12,2021-03-22T09:04:32,2021-03-22T09:04:26
8315,13514,练习-外部输入,assignment,1.61638E+12,6,1.61638E+12,2021-03-22T09:04:40,2021-03-22T09:04:34
8313,13512,练习-计算总面积,assignment,1.61638E+12,39,1.61638E+12,2021-03-22T09:11:55,2021-03-22T09:11:16
8313,13514,练习-外部输入,assignment,1.61638E+12,92,1.61638E+12,2021-03-22T09:13:30,2021-03-22T09:11:58
8313,13516,练习-判断奇数或偶数,assignment,1.61638E+12,26,1.61638E+12,2021-03-22T09:13:58,2021-03-22T09:13:32
8313,13512,练习-计算总面积,assignment,1.61638E+12,78,1.61638E+12,2021-03-22T09:16:31,2021-03-22T09:15:13
8315,13512,练习-计算总面积,assignment,1.61638E+12,69,1.61638E+12,2021-03-22T11:37:23,2021-03-22T11:36:14
7841,13507,控制输出格式,video,1.61642E+12,7,1.61642E+12,2021-03-22T21:45:48,2021-03-22T21:45:41
7841,13510,练习讲解-身高的公/英制转换,video,1.61642E+12,705,1.61642E+12,2021-03-22T21:57:35,2021-03-22T21:45:50
8347,13505,计算平均气温,video,1.61642E+12,400,1.61642E+12,2021-03-22T22:18:23,2021-03-22T22:11:43
7841,13510,练习讲解-身高的公/英制转换,video,1.61642E+12,314,1.61642E+12,2021-03-22T22:20:43,2021-03-22T22:15:29
8347,13508,练习-计算行程费用,assignment,1.61642E+12,626,1.61642E+12,2021-03-22T22:28:52,2021-03-22T22:18:26
8347,13508,练习-计算行程费用,assignment,1.61642E+12,8,1.61642E+12,2021-03-22T22:29:04,2021-03-22T22:28:56
8347,13506,练习讲解-计算行程费用,video,1.61642E+12,548,1.61642E+12,2021-03-22T22:38:15,2021-03-22T22:29:07
7841,13511,不规则面积计算,video,1.61651E+12,6,1.61651E+12,2021-03-23T21:32:23,2021-03-23T21:32:17
7841,13509,练习-控制输出格式,assignment,1.61651E+12,26,1.61651E+12,2021-03-23T21:32:51,2021-03-23T21:32:25
8066,13514,练习-外部输入,assignment,1.61659E+12,72,1.61659E+12,2021-03-24T20:59:53,2021-03-24T20:58:41
8347,13507,控制输出格式,video,1.6166E+12,661,1.6166E+12,2021-03-24T22:24:32,2021-03-24T22:13:31
8347,13509,练习-控制输出格式,assignment,1.6166E+12,655,1.6166E+12,2021-03-24T22:35:48,2021-03-24T22:24:53
8347,13510,练习讲解-身高的公/英制转换,video,1.6166E+12,339,1.6166E+12,2021-03-24T22:41:34,2021-03-24T22:35:55
8347,13510,练习讲解-身高的公/英制转换,video,1.6166E+12,93,1.6166E+12,2021-03-24T22:43:16,2021-03-24T22:41:43
8347,13511,不规则面积计算,video,1.6166E+12,397,1.6166E+12,2021-03-24T22:49:55,2021-03-24T22:43:18
8347,13512,练习-计算总面积,assignment,1.6166E+12,173,1.6166E+12,2021-03-24T22:52:51,2021-03-24T22:49:58
8347,13512,练习-计算总面积,assignment,1.6166E+12,296,1.6166E+12,2021-03-24T22:57:57,2021-03-24T22:53:01
8347,13511,不规则面积计算,video,1.6166E+12,155,1.6166E+12,2021-03-24T23:00:35,2021-03-24T22:58:00
8347,13512,练习-计算总面积,assignment,1.6166E+12,417,1.6166E+12,2021-03-24T23:07:36,2021-03-24T23:00:39
8347,13510,练习讲解-身高的公/英制转换,video,1.6166E+12,143,1.6166E+12,2021-03-24T23:10:05,2021-03-24T23:07:42
8347,13512,练习-计算总面积,assignment,1.6166E+12,652,1.6166E+12,2021-03-24T23:20:59,2021-03-24T23:10:07
8347,13512,练习-计算总面积,assignment,1.6166E+12,18,1.6166E+12,2021-03-24T23:21:20,2021-03-24T23:21:02
8347,13513,BMI计算-从键盘输入,video,1.6166E+12,436,1.6166E+12,2021-03-24T23:28:44,2021-03-24T23:21:28
8347,13514,练习-外部输入,assignment,1.6166E+12,871,1.6166E+12,2021-03-24T23:43:20,2021-03-24T23:28:49
8347,13514,练习-外部输入,assignment,1.6166E+12,9,1.6166E+12,2021-03-24T23:43:32,2021-03-24T23:43:23
8347,13515,BMI分段输出,video,1.6166E+12,640,1.6166E+12,2021-03-24T23:54:14,2021-03-24T23:43:34
8347,13516,练习-判断奇数或偶数,assignment,1.6166E+12,73,1.6166E+12,2021-03-24T23:55:30,2021-03-24T23:54:17
8347,13515,BMI分段输出,video,1.6166E+12,20,1.6166E+12,2021-03-24T23:55:53,2021-03-24T23:55:33
8347,13516,练习-判断奇数或偶数,assignment,1.6166E+12,435,1.6166E+12,2021-03-25T00:03:11,2021-03-24T23:55:56
8347,13517,讨论-Python用作计算器,discussion,1.6166E+12,15,1.6166E+12,2021-03-25T00:03:34,2021-03-25T00:03:19
8347,13510,练习讲解-身高的公/英制转换,video,1.61663E+12,14,1.61663E+12,2021-03-25T08:51:29,2021-03-25T08:51:15
8323,13513,BMI计算-从键盘输入,video,1.61664E+12,1081,1.61665E+12,2021-03-25T12:06:10,2021-03-25T11:48:09
8323,13514,练习-外部输入,assignment,1.61665E+12,4555,1.61665E+12,2021-03-25T13:22:18,2021-03-25T12:06:23
8323,13515,BMI分段输出,video,1.61665E+12,605,1.61665E+12,2021-03-25T13:32:33,2021-03-25T13:22:28
8323,13516,练习-判断奇数或偶数,assignment,1.61665E+12,165,1.61665E+12,2021-03-25T13:35:22,2021-03-25T13:32:37
8323,13517,讨论-Python用作计算器,discussion,1.61665E+12,27,1.61665E+12,2021-03-25T13:35:56,2021-03-25T13:35:29
8088,13516,练习-判断奇数或偶数,assignment,1.61667E+12,1396,1.61667E+12,2021-03-25T18:45:19,2021-03-25T18:22:03
8048,13508,练习-计算行程费用,assignment,1.6169E+12,16,1.6169E+12,2021-03-28T12:06:11,2021-03-28T12:05:55
8048,13514,练习-外部输入,assignment,1.6169E+12,70,1.6169E+12,2021-03-28T12:07:41,2021-03-28T12:06:31
8048,13514,练习-外部输入,assignment,1.61692E+12,113,1.61692E+12,2021-03-28T17:31:37,2021-03-28T17:29:44
8333,13505,计算平均气温,video,1.61694E+12,229,1.61694E+12,2021-03-28T22:32:02,2021-03-28T22:28:13
8333,13508,练习-计算行程费用,assignment,1.61694E+12,41,1.61694E+12,2021-03-28T22:32:45,2021-03-28T22:32:04
8333,13506,练习讲解-计算行程费用,video,1.61694E+12,17,1.61694E+12,2021-03-28T22:36:39,2021-03-28T22:36:22
8333,13508,练习-计算行程费用,assignment,1.61694E+12,379,1.61694E+12,2021-03-28T22:43:01,2021-03-28T22:36:42
8333,13508,练习-计算行程费用,assignment,1.61694E+12,23,1.61694E+12,2021-03-28T22:43:26,2021-03-28T22:43:03
8333,13507,控制输出格式,video,1.61694E+12,417,1.61694E+12,2021-03-28T22:50:25,2021-03-28T22:43:28
8333,13510,练习讲解-身高的公/英制转换,video,1.61694E+12,232,1.61694E+12,2021-03-28T22:54:20,2021-03-28T22:50:28
8323,13516,练习-判断奇数或偶数,assignment,1.61718E+12,17,1.61718E+12,2021-03-31T17:45:21,2021-03-31T17:45:04
8323,13514,练习-外部输入,assignment,1.61718E+12,11,1.61718E+12,2021-03-31T17:45:34,2021-03-31T17:45:23
8323,13512,练习-计算总面积,assignment,1.61718E+12,180,1.61718E+12,2021-03-31T17:48:43,2021-03-31T17:45:43
8333,13513,BMI计算-从键盘输入,video,1.61735E+12,5766,1.61736E+12,2021-04-02T18:36:46,2021-04-02T17:00:40
8333,13515,BMI分段输出,video,1.61736E+12,2109,1.61736E+12,2021-04-02T19:12:08,2021-04-02T18:36:59
8066,13506,练习讲解-计算行程费用,video,1.61763E+12,7,1.61763E+12,2021-04-05T22:12:15,2021-04-05T22:12:08
8066,13509,练习-控制输出格式,assignment,1.61763E+12,88,1.61763E+12,2021-04-05T22:13:46,2021-04-05T22:12:18
7841,13510,练习讲解-身高的公/英制转换,video,1.61779E+12,79,1.61779E+12,2021-04-07T18:37:40,2021-04-07T18:36:21
8313,13509,练习-控制输出格式,assignment,1.61811E+12,349,1.61811E+12,2021-04-11T11:39:52,2021-04-11T11:34:03
8333,13511,不规则面积计算,video,1.61812E+12,314,1.61812E+12,2021-04-11T13:15:10,2021-04-11T13:09:56
8333,13513,BMI计算-从键盘输入,video,1.61812E+12,9,1.61812E+12,2021-04-11T13:15:22,2021-04-11T13:15:13
8333,13509,练习-控制输出格式,assignment,1.61814E+12,70,1.61814E+12,2021-04-11T19:21:50,2021-04-11T19:20:40
8333,13507,控制输出格式,video,1.61814E+12,15,1.61814E+12,2021-04-11T19:22:08,2021-04-11T19:21:53
8333,13509,练习-控制输出格式,assignment,1.61814E+12,362,1.61814E+12,2021-04-11T19:28:17,2021-04-11T19:22:15
8333,13512,练习-计算总面积,assignment,1.61814E+12,562,1.61814E+12,2021-04-11T19:37:42,2021-04-11T19:28:20
8333,13511,不规则面积计算,video,1.61814E+12,18,1.61814E+12,2021-04-11T19:38:16,2021-04-11T19:37:58
8333,13512,练习-计算总面积,assignment,1.61814E+12,14,1.61814E+12,2021-04-11T19:38:37,2021-04-11T19:38:23
8333,13514,练习-外部输入,assignment,1.61814E+12,318,1.61814E+12,2021-04-11T19:44:02,2021-04-11T19:38:44
8333,13514,练习-外部输入,assignment,1.61814E+12,90,1.61814E+12,2021-04-11T19:45:34,2021-04-11T19:44:04
8333,13514,练习-外部输入,assignment,1.61814E+12,279,1.61814E+12,2021-04-11T19:50:15,2021-04-11T19:45:36
8333,13516,练习-判断奇数或偶数,assignment,1.61814E+12,430,1.61814E+12,2021-04-11T19:57:33,2021-04-11T19:50:23
8333,13517,讨论-Python用作计算器,discussion,1.61814E+12,34,1.61814E+12,2021-04-11T19:58:14,2021-04-11T19:57:40
8333,13517,讨论-Python用作计算器,discussion,1.61814E+12,9,1.61814E+12,2021-04-11T19:58:25,2021-04-11T19:58:16
8333,13509,练习-控制输出格式,assignment,1.61814E+12,27,1.61814E+12,2021-04-11T19:59:06,2021-04-11T19:58:39
8314,13511,不规则面积计算,video,1.61819E+12,10,1.61819E+12,2021-04-12T09:05:48,2021-04-12T09:05:38
8088,13512,练习-计算总面积,assignment,1.61848E+12,107,1.61848E+12,2021-04-15T18:14:42,2021-04-15T18:12:55
8088,13511,不规则面积计算,video,1.61848E+12,228,1.61848E+12,2021-04-15T18:18:39,2021-04-15T18:14:51
8088,13512,练习-计算总面积,assignment,1.61848E+12,99,1.61848E+12,2021-04-15T18:20:21,2021-04-15T18:18:42
8088,13514,练习-外部输入,assignment,1.61848E+12,242,1.61848E+12,2021-04-15T18:24:25,2021-04-15T18:20:23
8088,13514,练习-外部输入,assignment,1.61848E+12,363,1.61848E+12,2021-04-15T18:32:31,2021-04-15T18:26:28
8088,13516,练习-判断奇数或偶数,assignment,1.61848E+12,24,1.61848E+12,2021-04-15T18:35:00,2021-04-15T18:34:36
8088,13514,练习-外部输入,assignment,1.61848E+12,165,1.61848E+12,2021-04-15T18:37:49,2021-04-15T18:35:04
8088,13514,练习-外部输入,assignment,1.61848E+12,1064,1.61848E+12,2021-04-15T19:04:09,2021-04-15T18:46:25
8088,13514,练习-外部输入,assignment,1.61848E+12,202,1.61848E+12,2021-04-15T19:07:36,2021-04-15T19:04:14
8315,13517,讨论-Python用作计算器,discussion,1.61875E+12,56,1.61875E+12,2021-04-18T21:54:09,2021-04-18T21:53:13
8333,13512,练习-计算总面积,assignment,1.61876E+12,14,1.61876E+12,2021-04-18T23:48:12,2021-04-18T23:47:58
8314,13513,BMI计算-从键盘输入,video,1.61881E+12,552,1.61881E+12,2021-04-19T13:15:40,2021-04-19T13:06:28
8314,13514,练习-外部输入,assignment,1.61881E+12,6866,1.61882E+12,2021-04-19T15:10:12,2021-04-19T13:15:46
8366,13505,计算平均气温,video,1.6189E+12,268,1.6189E+12,2021-04-20T15:01:04,2021-04-20T14:56:36
8366,13508,练习-计算行程费用,assignment,1.6189E+12,228,1.6189E+12,2021-04-20T15:04:56,2021-04-20T15:01:08
8366,13506,练习讲解-计算行程费用,video,1.6189E+12,7973,1.61891E+12,2021-04-20T17:17:53,2021-04-20T15:05:00
8314,13513,BMI计算-从键盘输入,video,1.62062E+12,441,1.62062E+12,2021-05-10T13:15:28,2021-05-10T13:08:07
8314,13514,练习-外部输入,assignment,1.62062E+12,2530,1.62063E+12,2021-05-10T13:57:43,2021-05-10T13:15:33
8314,13515,BMI分段输出,video,1.62063E+12,590,1.62063E+12,2021-05-10T14:07:37,2021-05-10T13:57:47
8314,13516,练习-判断奇数或偶数,assignment,1.62063E+12,1263,1.62063E+12,2021-05-10T14:57:38,2021-05-10T14:36:35
8314,13516,练习-判断奇数或偶数,assignment,1.62063E+12,18,1.62063E+12,2021-05-10T14:58:00,2021-05-10T14:57:42
3323,13508,练习-计算行程费用,assignment,1.62105E+12,64,1.62105E+12,2021-05-15T10:34:53,2021-05-15T10:33:49
3323,13505,计算平均气温,video,1.62105E+12,506,1.62105E+12,2021-05-15T11:34:54,2021-05-15T11:26:28
3323,13506,练习讲解-计算行程费用,video,1.62105E+12,455,1.62105E+12,2021-05-15T11:42:37,2021-05-15T11:35:02
3323,13507,控制输出格式,video,1.62105E+12,245,1.62105E+12,2021-05-15T11:46:53,2021-05-15T11:42:48
3323,13510,练习讲解-身高的公/英制转换,video,1.62105E+12,1968,1.62105E+12,2021-05-15T12:19:49,2021-05-15T11:47:01
3323,13511,不规则面积计算,video,1.62105E+12,364,1.62105E+12,2021-05-15T12:25:56,2021-05-15T12:19:52
3323,13513,BMI计算-从键盘输入,video,1.62105E+12,634,1.62105E+12,2021-05-15T12:36:47,2021-05-15T12:26:13
3323,13515,BMI分段输出,video,1.62105E+12,705,1.62105E+12,2021-05-15T12:48:34,2021-05-15T12:36:49
3323,13515,BMI分段输出,video,1.62105E+12,9,1.62105E+12,2021-05-15T12:48:46,2021-05-15T12:48:37
3323,13517,讨论-Python用作计算器,discussion,1.62112E+12,7,1.62112E+12,2021-05-16T08:16:27,2021-05-16T08:16:20
8286,13508,练习-计算行程费用,assignment,1.62157E+12,23,1.62157E+12,2021-05-21T12:27:30,2021-05-21T12:27:07
8286,13509,练习-控制输出格式,assignment,1.62157E+12,8,1.62157E+12,2021-05-21T12:27:40,2021-05-21T12:27:32
8286,13512,练习-计算总面积,assignment,1.62157E+12,85,1.62157E+12,2021-05-21T12:29:07,2021-05-21T12:27:42
8286,13514,练习-外部输入,assignment,1.62157E+12,115,1.62157E+12,2021-05-21T12:31:04,2021-05-21T12:29:09
8286,13516,练习-判断奇数或偶数,assignment,1.62157E+12,65,1.62157E+12,2021-05-21T12:32:11,2021-05-21T12:31:06
8061,13508,练习-计算行程费用,assignment,1.62182E+12,71,1.62182E+12,2021-05-24T09:09:18,2021-05-24T09:08:07
8061,13509,练习-控制输出格式,assignment,1.62182E+12,11,1.62182E+12,2021-05-24T09:09:31,2021-05-24T09:09:20
8061,13512,练习-计算总面积,assignment,1.62182E+12,18,1.62182E+12,2021-05-24T09:09:51,2021-05-24T09:09:33
8061,13514,练习-外部输入,assignment,1.62182E+12,47,1.62182E+12,2021-05-24T09:10:40,2021-05-24T09:09:53
8061,13516,练习-判断奇数或偶数,assignment,1.62182E+12,13,1.62182E+12,2021-05-24T09:10:55,2021-05-24T09:10:42
8048,13508,练习-计算行程费用,assignment,1.62186E+12,7,1.62186E+12,2021-05-24T19:27:44,2021-05-24T19:27:37
8060,13508,练习-计算行程费用,assignment,1.62203E+12,130,1.62203E+12,2021-05-26T20:58:29,2021-05-26T20:56:19
8060,13509,练习-控制输出格式,assignment,1.62203E+12,26,1.62203E+12,2021-05-26T20:58:57,2021-05-26T20:58:31
8060,13512,练习-计算总面积,assignment,1.62203E+12,52,1.62203E+12,2021-05-26T20:59:52,2021-05-26T20:59:00
8060,13514,练习-外部输入,assignment,1.62203E+12,93,1.62203E+12,2021-05-26T21:01:27,2021-05-26T20:59:54
8049,13508,练习-计算行程费用,assignment,1.62204E+12,90,1.62204E+12,2021-05-26T21:22:34,2021-05-26T21:21:04
8049,13509,练习-控制输出格式,assignment,1.62204E+12,40,1.62204E+12,2021-05-26T21:23:21,2021-05-26T21:22:41
8049,13512,练习-计算总面积,assignment,1.62204E+12,46,1.62204E+12,2021-05-26T21:24:09,2021-05-26T21:23:23
8049,13514,练习-外部输入,assignment,1.62204E+12,46,1.62204E+12,2021-05-26T21:24:57,2021-05-26T21:24:11
8049,13516,练习-判断奇数或偶数,assignment,1.62204E+12,2982,1.62204E+12,2021-05-26T23:09:33,2021-05-26T22:19:51
7803,13505,计算平均气温,video,1.62279E+12,21,1.62279E+12,2021-06-04T15:13:20,2021-06-04T15:12:59
7841,13508,练习-计算行程费用,assignment,1.62305E+12,13,1.62305E+12,2021-06-07T15:34:07,2021-06-07T15:33:54
7841,13512,练习-计算总面积,assignment,1.62305E+12,43,1.62305E+12,2021-06-07T15:35:09,2021-06-07T15:34:26
7841,13514,练习-外部输入,assignment,1.62305E+12,16,1.62305E+12,2021-06-07T15:35:26,2021-06-07T15:35:10
7841,13516,练习-判断奇数或偶数,assignment,1.62305E+12,31,1.62305E+12,2021-06-07T15:36:00,2021-06-07T15:35:29
7841,13508,练习-计算行程费用,assignment,1.62316E+12,778,1.62316E+12,2021-06-08T21:46:38,2021-06-08T21:33:40
8088,13512,练习-计算总面积,assignment,1.62332E+12,73,1.62332E+12,2021-06-10T18:05:28,2021-06-10T18:04:15
8088,13512,练习-计算总面积,assignment,1.62332E+12,637,1.62332E+12,2021-06-10T18:22:14,2021-06-10T18:11:37
8088,13512,练习-计算总面积,assignment,1.62332E+12,902,1.62332E+12,2021-06-10T18:48:56,2021-06-10T18:33:54
8088,13512,练习-计算总面积,assignment,1.62332E+12,13,1.62332E+12,2021-06-10T18:49:13,2021-06-10T18:49:00
